# ************************************************************
# Sequel Pro SQL dump
# Version 4541
#
# http://www.sequelpro.com/
# https://github.com/sequelpro/sequelpro
#
# Host: 47.74.248.48 (MySQL 5.6.41-log)
# Database: fomo3d
# Generation Time: 2018-08-28 03:35:17 +0000
# ************************************************************


/*!40101 SET @OLD_CHARACTER_SET_CLIENT=@@CHARACTER_SET_CLIENT */;
/*!40101 SET @OLD_CHARACTER_SET_RESULTS=@@CHARACTER_SET_RESULTS */;
/*!40101 SET @OLD_COLLATION_CONNECTION=@@COLLATION_CONNECTION */;
/*!40101 SET NAMES utf8 */;
/*!40014 SET @OLD_FOREIGN_KEY_CHECKS=@@FOREIGN_KEY_CHECKS, FOREIGN_KEY_CHECKS=0 */;
/*!40101 SET @OLD_SQL_MODE=@@SQL_MODE, SQL_MODE='NO_AUTO_VALUE_ON_ZERO' */;
/*!40111 SET @OLD_SQL_NOTES=@@SQL_NOTES, SQL_NOTES=0 */;


# Dump of table tp_coins
# ------------------------------------------------------------

DROP TABLE IF EXISTS `tp_coins`;

CREATE TABLE `tp_coins` (
  `id` int(11) unsigned NOT NULL AUTO_INCREMENT,
  `coin_name` varchar(10) NOT NULL,
  `pic` varchar(255) NOT NULL,
  `byte` int(11) DEFAULT '0' COMMENT '合约字节数',
  `is_token` tinyint(1) NOT NULL DEFAULT '0' COMMENT '1=token  0=chain',
  `contract_address` varchar(255) DEFAULT NULL COMMENT '智能合约地址',
  `without_rate` decimal(5,2) unsigned DEFAULT '0.00' COMMENT '提取手续费',
  `update_time` datetime NOT NULL,
  PRIMARY KEY (`id`)
) ENGINE=InnoDB DEFAULT CHARSET=utf8 ROW_FORMAT=COMPACT COMMENT='币种表';

LOCK TABLES `tp_coins` WRITE;
/*!40000 ALTER TABLE `tp_coins` DISABLE KEYS */;

INSERT INTO `tp_coins` (`id`, `coin_name`, `pic`, `byte`, `is_token`, `contract_address`, `without_rate`, `update_time`)
VALUES
	(1,'ETH','/uploads/coins/20180611/a30b1b3735d3cb2a5cb80e4dc01a8844.jpg',18,0,NULL,0.00,'2018-06-11 12:58:02'),
	(3,'APC','/uploads/coins/20180611/db5a44d909c094b7c272fff7b061b04e.png',2,1,'0xb52ddc24a06f3f579fe5e0ad246b859793e635f2',0.00,'2018-07-03 17:34:24'),
	(4,'AE','/uploads/coins/20180707/858897d08899675f0ef031893a2e3cc5.png',18,1,'0x5ca9a71b1d01849c0a95490cc00559717fcf0d1d',0.00,'2018-07-07 11:25:03'),
	(5,'BNT','/uploads/coins/20180707/d37d22c9d43fee193e14b7c9dd9a8275.png',18,1,'0x1f573d6fb3f13d689ff844b4ce37794d79a7ff1c',0.00,'2018-07-07 11:25:22'),
	(6,'BTM','/uploads/coins/20180707/29c95802dd376c85a0faec463ac5ebc7.png',8,1,'0xcb97e65f07da24d46bcdd078ebebd7c6e6e3d750',0.00,'2018-07-07 11:25:53'),
	(7,'KNC','/uploads/coins/20180707/0e7dcb2f95dc93a6cb3b69fe3a88630a.png',18,1,'0xdd974d5c2e2928dea5f71b9825b8b646686bd200',0.00,'2018-07-07 11:26:05'),
	(8,'LRC','/uploads/coins/20180707/0ed387cb2b5451408d13b3f99ccbb7d5.png',18,1,'0xef68e7c694f40c8202821edf525de3782458639f',0.00,'2018-07-07 11:26:15'),
	(9,'MANA','/uploads/coins/20180707/6d7eca89103647884977416a44b8f029.png',18,1,'0x0f5d2fb29fb7d3cfee444a200298f468908cc942',0.00,'2018-07-07 11:26:24'),
	(10,'OMG','/uploads/coins/20180707/a5c1c1da594000e5f0cd77df30579242.png',18,1,'0xd26114cd6EE289AccF82350c8d8487fedB8A0C07',0.00,'2018-07-07 11:26:35'),
	(11,'SNT','/uploads/coins/20180707/4cd5e17808bdd36ee7398c188d11f578.png',18,1,'0x744d70fdbe2ba4cf95131626614a1763df805b9e',0.00,'2018-07-07 11:26:49'),
	(12,'STORJ','/uploads/coins/20180707/65b52e08208df519fc65dc014a191300.png',8,1,'0xb64ef51c888972c908cfacf59b47c1afbc0ab8ac',0.00,'2018-07-07 11:26:59');

/*!40000 ALTER TABLE `tp_coins` ENABLE KEYS */;
UNLOCK TABLES;


# Dump of table tp_eth_trading_order
# ------------------------------------------------------------

DROP TABLE IF EXISTS `tp_eth_trading_order`;

CREATE TABLE `tp_eth_trading_order` (
  `id` int(10) unsigned NOT NULL AUTO_INCREMENT COMMENT '自增ID',
  `user_id` int(11) unsigned NOT NULL DEFAULT '0' COMMENT '用户ID',
  `coin_id` tinyint(2) unsigned NOT NULL DEFAULT '0' COMMENT '币种',
  `txhash` varchar(255) DEFAULT ' ' COMMENT '流水号',
  `block_number` varchar(50) DEFAULT NULL,
  `cumulative_gas_used` varchar(20) DEFAULT NULL COMMENT '使用总燃料费  16进制',
  `from_address` varchar(255) DEFAULT '' COMMENT '来自钱包地址',
  `to_address` varchar(255) DEFAULT '' COMMENT '目标钱包地址',
  `type` tinyint(1) unsigned NOT NULL DEFAULT '0' COMMENT '交易类型: 0=转出, 1=转入',
  `status` tinyint(1) unsigned NOT NULL COMMENT '0=未审核 ,1=已完成 ,2=审核通过(系统自动),3=创建交易hash成功，-1=未通过 ,-2=接口异常(交易失败)',
  `amount` decimal(18,8) unsigned NOT NULL DEFAULT '0.00000000' COMMENT '数量',
  `tax` decimal(18,8) unsigned NOT NULL DEFAULT '0.00000000' COMMENT '手续费',
  `remark` varchar(50) DEFAULT NULL COMMENT '备注',
  `update_time` datetime NOT NULL COMMENT '更新时间',
  PRIMARY KEY (`id`)
) ENGINE=InnoDB DEFAULT CHARSET=utf8 ROW_FORMAT=COMPACT COMMENT='eth相关转账订单表';

LOCK TABLES `tp_eth_trading_order` WRITE;
/*!40000 ALTER TABLE `tp_eth_trading_order` DISABLE KEYS */;

INSERT INTO `tp_eth_trading_order` (`id`, `user_id`, `coin_id`, `txhash`, `block_number`, `cumulative_gas_used`, `from_address`, `to_address`, `type`, `status`, `amount`, `tax`, `remark`, `update_time`)
VALUES
	(7,4,1,'0xda6d244ce5af48c1802f099db12703dc5694bf71c6adfe870581b020b762a99d','6162085',NULL,'0x601488260f1850882bb8f2c1c75f3ffb8b97a01d','0x6a37df2566cbf46b52bc2e690233fe95b4b2a021',1,1,0.01000000,0.00000000,'外网转入','2018-08-17 18:03:33'),
	(8,1,1,'0x98013fc99ab5e13cb362529fd013382e65d4f65e8be90669618c352db9db3551','5656017',NULL,'0x22b6ef70ca43aa7cf4a085cee41585b2823142d0','0xae670682e150950d602f99a13bb6515eaae44e7f',1,1,0.10000000,0.00000000,'外网转入','2018-08-23 16:00:29'),
	(9,1,1,'','',NULL,'','0xece2116f4121d0c9854d16d4b7cbe19098dc3b37',0,0,1.00000000,0.00000000,'可用WNCT转出外网','2018-08-27 15:34:54'),
	(10,1,1,'','',NULL,'','0xece2116f4121d0c9854d16d4b7cbe19098dc3b37',0,0,11.00000000,0.00000000,'可用WNCT转出外网','2018-08-27 17:27:56'),
	(11,1,1,'','',NULL,'','0xece2116f4121d0c9854d16d4b7cbe19098dc3b37',0,0,11.00000000,0.00000000,'可用WNCT转出外网','2018-08-27 17:29:33');

/*!40000 ALTER TABLE `tp_eth_trading_order` ENABLE KEYS */;
UNLOCK TABLES;


# Dump of table tp_exchange_rate
# ------------------------------------------------------------

DROP TABLE IF EXISTS `tp_exchange_rate`;

CREATE TABLE `tp_exchange_rate` (
  `id` int(11) unsigned NOT NULL AUTO_INCREMENT,
  `name` varchar(20) NOT NULL,
  `rate` decimal(10,2) unsigned NOT NULL COMMENT '比率',
  `amount` decimal(10,2) NOT NULL COMMENT '交易单位',
  `buying_rate` decimal(10,2) NOT NULL COMMENT '现汇买入价',
  `cash_buying_rate` decimal(10,2) NOT NULL COMMENT '现钞买入价',
  `cash_sale_rate` decimal(10,2) NOT NULL COMMENT '现钞卖出价',
  `converted_price` decimal(10,2) NOT NULL COMMENT '中行折算价',
  `update_time` datetime NOT NULL,
  PRIMARY KEY (`id`)
) ENGINE=InnoDB DEFAULT CHARSET=utf8 ROW_FORMAT=DYNAMIC COMMENT='聚合汇率数据表';

LOCK TABLES `tp_exchange_rate` WRITE;
/*!40000 ALTER TABLE `tp_exchange_rate` DISABLE KEYS */;

INSERT INTO `tp_exchange_rate` (`id`, `name`, `rate`, `amount`, `buying_rate`, `cash_buying_rate`, `cash_sale_rate`, `converted_price`, `update_time`)
VALUES
	(1,'澳大利亚元',5.00,100.00,499.64,484.11,503.31,499.47,'2018-08-17 14:36:08'),
	(2,'澳门元',0.85,100.00,85.34,82.48,85.68,85.89,'2018-08-17 14:36:08'),
	(3,'港币',0.88,100.00,87.72,87.02,88.07,87.84,'2018-08-17 14:36:08'),
	(4,'韩元',0.01,100.00,0.61,0.59,0.61,0.61,'2018-08-17 14:36:08'),
	(5,'加拿大元',5.23,100.00,523.36,506.83,527.22,525.34,'2018-08-17 14:36:08'),
	(6,'美元',6.89,100.00,688.60,683.00,691.52,689.46,'2018-08-17 14:36:08'),
	(7,'欧元',7.82,100.00,781.71,757.42,787.47,782.85,'2018-08-17 14:36:08'),
	(8,'日元',0.06,100.00,6.20,6.01,6.25,6.24,'2018-08-17 14:36:08'),
	(9,'英镑',8.74,100.00,873.65,846.50,880.08,876.34,'2018-08-17 14:36:08');

/*!40000 ALTER TABLE `tp_exchange_rate` ENABLE KEYS */;
UNLOCK TABLES;


# Dump of table tp_fomo_airdrop
# ------------------------------------------------------------

DROP TABLE IF EXISTS `tp_fomo_airdrop`;

CREATE TABLE `tp_fomo_airdrop` (
  `id` int(11) NOT NULL AUTO_INCREMENT,
  `min` decimal(18,8) DEFAULT NULL COMMENT '最小购买数量',
  `max` decimal(18,8) DEFAULT NULL COMMENT '最大购买数量',
  `rate` decimal(5,2) DEFAULT NULL COMMENT '奖金比率',
  `update_time` datetime DEFAULT NULL,
  PRIMARY KEY (`id`)
) ENGINE=MyISAM DEFAULT CHARSET=utf8 COMMENT='FOMO空投设置';



# Dump of table tp_fomo_bonus_sequeue
# ------------------------------------------------------------

DROP TABLE IF EXISTS `tp_fomo_bonus_sequeue`;

CREATE TABLE `tp_fomo_bonus_sequeue` (
  `id` int(11) unsigned NOT NULL AUTO_INCREMENT,
  `user_id` int(11) unsigned DEFAULT '0' COMMENT '用户id（剔除的用户id。不剔除为0）',
  `coin_id` int(11) unsigned NOT NULL DEFAULT '0' COMMENT '币种id',
  `game_id` int(11) unsigned DEFAULT '0',
  `team_id` int(11) unsigned DEFAULT '0',
  `type` tinyint(1) unsigned NOT NULL DEFAULT '0' COMMENT '类型：0=p3d分红,1=f3d分红',
  `scene` tinyint(1) unsigned NOT NULL DEFAULT '0' COMMENT '场景:0=p3d购买，1=f3d投注分配，2=f3d开奖分配',
  `amount` decimal(18,8) unsigned NOT NULL DEFAULT '0.00000000' COMMENT '金额',
  `status` tinyint(1) unsigned NOT NULL DEFAULT '0' COMMENT '处理状态：0=未处理，1=已处理',
  `update_time` datetime NOT NULL,
  PRIMARY KEY (`id`)
) ENGINE=InnoDB DEFAULT CHARSET=utf8 ROW_FORMAT=DYNAMIC COMMENT='fomo游戏 分红数据库队列表';

LOCK TABLES `tp_fomo_bonus_sequeue` WRITE;
/*!40000 ALTER TABLE `tp_fomo_bonus_sequeue` DISABLE KEYS */;

INSERT INTO `tp_fomo_bonus_sequeue` (`id`, `user_id`, `coin_id`, `game_id`, `team_id`, `type`, `scene`, `amount`, `status`, `update_time`)
VALUES
	(1,3,1,0,0,0,1,0.00010000,1,'2018-08-19 20:11:01'),
	(2,3,1,0,0,1,1,0.00056000,1,'2018-08-19 20:12:02'),
	(3,3,1,0,0,0,1,0.00280000,1,'2018-08-19 20:14:01'),
	(4,3,1,0,0,1,1,0.01568000,1,'2018-08-19 20:15:01'),
	(5,3,1,0,0,0,1,0.00060000,1,'2018-08-19 20:16:01'),
	(6,3,1,0,0,1,1,0.00336000,1,'2018-08-19 20:17:01'),
	(7,3,1,0,0,0,1,0.00200000,1,'2018-08-19 20:18:02'),
	(8,3,1,0,0,1,1,0.01120000,1,'2018-08-19 20:19:01'),
	(9,3,1,0,0,0,1,0.00850000,1,'2018-08-19 20:20:01'),
	(10,3,1,0,0,1,1,0.04760000,1,'2018-08-19 20:21:02'),
	(11,3,1,0,0,0,1,0.00750000,1,'2018-08-19 20:22:01'),
	(12,3,1,0,0,1,1,0.04200000,1,'2018-08-19 20:23:01'),
	(13,3,1,0,0,0,1,0.02150000,1,'2018-08-19 20:24:01'),
	(14,3,1,0,0,1,1,0.12040000,1,'2018-08-19 20:25:01'),
	(15,3,1,0,0,0,1,0.02440000,1,'2018-08-19 20:26:01'),
	(16,3,1,0,0,1,1,0.13115000,1,'2018-08-19 20:27:01'),
	(17,3,1,0,0,0,1,0.03160000,1,'2018-08-19 20:28:02'),
	(18,3,1,0,0,1,1,0.16985000,1,'2018-08-19 20:29:01'),
	(19,3,1,0,0,0,1,0.03880000,1,'2018-08-19 20:30:01'),
	(20,3,1,0,0,1,1,0.20855000,1,'2018-08-19 20:31:02'),
	(21,4,1,0,0,0,1,0.00318000,1,'2018-08-19 20:32:01'),
	(22,4,1,0,0,1,1,0.01590000,1,'2018-08-19 20:33:01'),
	(23,4,1,0,0,0,1,0.00856000,1,'2018-08-19 20:34:01'),
	(24,4,1,0,0,1,1,0.04601000,1,'2018-08-19 20:35:01'),
	(25,4,1,0,0,0,1,0.00872000,1,'2018-08-19 20:36:02'),
	(26,4,1,0,0,1,1,0.04687000,1,'2018-08-19 20:37:01'),
	(27,4,1,0,0,0,1,0.03570000,1,'2018-08-19 20:38:01'),
	(28,4,1,0,0,1,1,0.17850000,1,'2018-08-19 20:39:01'),
	(29,4,1,0,0,0,1,0.00774000,1,'2018-08-19 20:40:01'),
	(30,4,1,0,0,1,1,0.03870000,1,'2018-08-19 20:41:01'),
	(31,4,1,0,0,0,1,0.01048000,1,'2018-08-19 20:42:01'),
	(32,4,1,0,0,1,1,0.05633000,1,'2018-08-19 20:43:01'),
	(33,4,1,0,0,0,1,0.71298000,1,'2018-08-19 20:44:02'),
	(34,4,1,0,0,1,1,3.56490000,1,'2018-08-19 20:45:01'),
	(35,4,1,0,0,0,1,0.01336000,1,'2018-08-19 20:46:01'),
	(36,4,1,0,0,1,1,0.07181000,1,'2018-08-19 20:47:02'),
	(37,4,1,0,0,0,1,28.92400000,1,'2018-08-19 20:48:01'),
	(38,4,1,0,0,1,1,155.46650000,1,'2018-08-19 20:49:01'),
	(39,4,1,0,0,0,1,0.05196000,1,'2018-08-19 20:50:01'),
	(40,4,1,0,0,1,1,0.25980000,1,'2018-08-19 20:51:01'),
	(41,4,1,0,0,0,1,0.13864000,1,'2018-08-19 20:52:01'),
	(42,4,1,0,0,1,1,0.74519000,1,'2018-08-19 20:53:01'),
	(43,4,1,0,0,0,1,0.05202000,1,'2018-08-19 20:54:02'),
	(44,4,1,0,0,1,1,0.26010000,1,'2018-08-19 20:55:01'),
	(45,4,1,0,0,0,1,0.12180000,1,'2018-08-19 20:56:01'),
	(46,4,1,0,0,1,1,0.12180000,1,'2018-08-19 20:57:01'),
	(47,4,1,0,0,0,1,0.17550000,1,'2018-08-19 20:58:02'),
	(48,4,1,0,0,1,1,0.17550000,1,'2018-08-19 20:59:01'),
	(49,4,1,0,0,0,1,0.15894000,1,'2018-08-19 21:00:01'),
	(50,4,1,0,0,1,1,0.79470000,1,'2018-08-19 21:01:02'),
	(51,4,1,0,0,0,1,0.05304000,1,'2018-08-19 21:02:01'),
	(52,4,1,0,0,1,1,0.26520000,1,'2018-08-19 21:03:01'),
	(53,4,1,0,0,0,1,0.10614000,1,'2018-08-19 21:04:01'),
	(54,4,1,0,0,1,1,0.53070000,1,'2018-08-19 21:05:01'),
	(55,4,1,0,0,0,1,0.15948000,1,'2018-08-19 21:06:01'),
	(56,4,1,0,0,1,1,0.79740000,1,'2018-08-19 21:07:01'),
	(57,4,1,0,0,0,1,0.15984000,1,'2018-08-19 21:08:02'),
	(58,4,1,0,0,1,1,0.79920000,1,'2018-08-19 21:09:01'),
	(59,4,1,0,0,0,1,0.16020000,1,'2018-08-19 21:10:01'),
	(60,4,1,0,0,1,1,0.80100000,1,'2018-08-19 21:11:01'),
	(61,4,1,0,0,0,1,0.05346000,1,'2018-08-19 21:12:02'),
	(62,4,1,0,0,1,1,0.26730000,1,'2018-08-19 21:13:01'),
	(63,4,1,0,0,0,1,0.05346000,1,'2018-08-19 21:14:01'),
	(64,4,1,0,0,1,1,0.26730000,1,'2018-08-19 21:15:01'),
	(65,4,1,0,0,0,1,0.10698000,1,'2018-08-19 21:16:01'),
	(66,4,1,0,0,1,1,0.53490000,1,'2018-08-19 21:17:01'),
	(67,4,1,0,0,0,1,0.16074000,1,'2018-08-19 21:18:02'),
	(68,4,1,0,0,1,1,0.80370000,1,'2018-08-19 21:19:01'),
	(69,4,1,0,0,0,1,0.05364000,1,'2018-08-19 21:20:01'),
	(70,4,1,0,0,1,1,0.26820000,1,'2018-08-19 21:21:01'),
	(71,4,1,0,0,0,1,0.05364000,1,'2018-08-19 21:22:01'),
	(72,4,1,0,0,1,1,0.26820000,1,'2018-08-19 21:23:01'),
	(73,4,1,0,0,0,1,0.05370000,1,'2018-08-19 21:24:01'),
	(74,4,1,0,0,1,1,0.26850000,1,'2018-08-19 21:25:01'),
	(75,4,1,0,0,0,1,0.21540000,1,'2018-08-19 21:26:01'),
	(76,4,1,0,0,1,1,1.07700000,1,'2018-08-19 21:27:02'),
	(77,2,1,1,0,0,1,0.14408000,1,'2018-08-20 11:10:01'),
	(78,2,1,1,2,1,1,0.77443000,1,'2018-08-20 11:11:01'),
	(79,2,1,1,0,0,1,5.70900000,1,'2018-08-20 11:12:01'),
	(80,2,1,1,3,1,1,28.54500000,1,'2018-08-20 11:13:01'),
	(81,2,1,1,0,0,1,32.09020000,1,'2018-08-20 15:02:01'),
	(82,2,1,1,1,1,1,179.70512000,1,'2018-08-20 15:03:01'),
	(83,4,1,0,0,0,0,0.10000000,1,'2018-08-21 14:14:01'),
	(84,1,1,3,0,0,1,0.00018000,1,'2018-08-24 17:41:01'),
	(85,1,1,3,3,1,1,0.00090000,1,'2018-08-24 17:42:01'),
	(86,4,1,4,0,0,1,0.00024000,1,'2018-08-24 17:43:01'),
	(87,4,1,4,2,1,1,0.00129000,1,'2018-08-24 17:44:01'),
	(88,4,1,4,0,0,1,0.00056000,1,'2018-08-24 17:45:01'),
	(89,4,1,4,2,1,1,0.00301000,1,'2018-08-24 17:46:01'),
	(90,4,1,4,0,0,1,0.00336000,1,'2018-08-24 17:47:02'),
	(91,4,1,4,3,1,1,0.01680000,1,'2018-08-24 17:48:01'),
	(92,4,1,4,0,0,1,0.49200000,1,'2018-08-24 17:49:01'),
	(93,4,1,4,2,1,1,2.64450000,1,'2018-08-24 17:50:01'),
	(94,4,1,4,0,0,1,583.46700000,1,'2018-08-24 17:51:01'),
	(95,4,1,4,3,1,1,2917.33500000,1,'2018-08-24 17:52:01'),
	(96,4,1,4,0,0,1,191.21400000,1,'2018-08-24 17:53:01'),
	(97,4,1,4,4,1,1,191.21400000,1,'2018-08-24 17:54:01'),
	(98,4,1,4,0,0,1,359.72100000,1,'2018-08-24 17:55:01'),
	(99,4,1,4,3,1,1,1798.60500000,1,'2018-08-24 17:56:01'),
	(100,4,1,4,0,0,1,0.71120000,1,'2018-08-24 17:57:01'),
	(101,4,1,4,1,1,1,3.98272000,1,'2018-08-24 17:58:01'),
	(102,4,1,4,0,0,1,0.56904000,1,'2018-08-24 17:59:01'),
	(103,4,1,4,2,1,1,3.05859000,1,'2018-08-24 18:00:01'),
	(104,4,1,4,0,0,1,1.13832000,1,'2018-08-24 18:01:01'),
	(105,4,1,4,2,1,1,6.11847000,1,'2018-08-24 18:02:02'),
	(106,4,1,4,0,0,1,1.42330000,1,'2018-08-24 18:03:01'),
	(107,4,1,4,1,1,1,7.97048000,1,'2018-08-24 18:04:01'),
	(108,4,1,4,0,0,1,0.71180000,1,'2018-08-24 18:05:01'),
	(109,4,1,4,1,1,1,3.98608000,1,'2018-08-24 18:06:01'),
	(110,4,1,4,0,0,1,0.71190000,1,'2018-08-24 18:07:01'),
	(111,4,1,4,1,1,1,3.98664000,1,'2018-08-24 18:08:01'),
	(112,4,1,4,0,0,1,57.35600000,1,'2018-08-24 18:09:01'),
	(113,4,1,4,2,1,1,308.28850000,1,'2018-08-24 18:10:01'),
	(114,4,1,4,0,0,1,0.72200000,1,'2018-08-24 18:11:01'),
	(115,4,1,4,1,1,1,4.04320000,1,'2018-08-24 18:12:01'),
	(116,4,1,4,0,0,1,0.57768000,1,'2018-08-24 18:13:01'),
	(117,4,1,4,2,1,1,3.10503000,1,'2018-08-24 18:14:01'),
	(118,1,1,4,0,0,1,0.72220000,1,'2018-08-27 11:00:01'),
	(119,1,1,4,1,1,1,4.04432000,1,'2018-08-27 11:01:01'),
	(120,1,1,4,0,0,1,0.72230000,1,'2018-08-27 11:20:01'),
	(121,1,1,4,1,1,1,4.04488000,1,'2018-08-27 11:21:01'),
	(122,1,1,4,0,0,1,0.72240000,1,'2018-08-27 11:29:01'),
	(123,1,1,4,1,1,1,4.04544000,1,'2018-08-27 11:30:01'),
	(124,1,1,4,0,0,1,0.72250000,1,'2018-08-27 11:31:01'),
	(125,1,1,4,1,1,1,4.04600000,1,'2018-08-27 11:32:01'),
	(126,1,1,4,0,0,1,36.25250000,1,'2018-08-27 11:33:01'),
	(127,1,1,4,1,1,1,203.01400000,1,'2018-08-27 11:34:01'),
	(128,1,1,4,0,0,1,7.30050000,1,'2018-08-27 11:35:01'),
	(129,1,1,4,4,1,1,7.30050000,1,'2018-08-27 11:36:01'),
	(130,1,1,0,0,0,0,0.10000000,1,'2018-08-27 11:53:01'),
	(131,1,1,0,0,0,0,0.11000000,1,'2018-08-27 11:55:01'),
	(132,1,1,0,0,0,0,0.12000000,1,'2018-08-27 11:56:01'),
	(133,1,1,0,0,0,0,0.13000000,1,'2018-08-27 11:57:01'),
	(134,1,1,4,0,0,1,0.73260000,1,'2018-08-27 14:58:01'),
	(135,1,1,4,1,1,1,4.10256000,1,'2018-08-27 14:59:01'),
	(136,1,1,4,0,0,1,0.73270000,1,'2018-08-27 15:23:01'),
	(137,1,1,4,1,1,1,4.10312000,1,'2018-08-27 15:24:01'),
	(138,1,1,4,0,0,1,0.73280000,1,'2018-08-27 15:27:01'),
	(139,1,1,4,1,1,1,4.10368000,1,'2018-08-27 15:28:01'),
	(140,1,1,0,0,0,0,0.13000000,1,'2018-08-27 15:29:01'),
	(141,1,1,0,0,0,0,0.14000000,1,'2018-08-27 15:35:01'),
	(142,1,1,0,0,0,0,0.15000000,1,'2018-08-27 17:31:01'),
	(143,58,1,4,0,0,1,0.73290000,1,'2018-08-28 09:42:02'),
	(144,58,1,4,1,1,1,4.10424000,1,'2018-08-28 09:43:01'),
	(145,58,1,4,0,0,1,0.73300000,1,'2018-08-28 09:44:01'),
	(146,58,1,4,1,1,1,4.10480000,1,'2018-08-28 09:45:01'),
	(147,58,1,4,0,0,1,0.73310000,1,'2018-08-28 09:46:01'),
	(148,58,1,4,1,1,1,4.10536000,1,'2018-08-28 09:47:01'),
	(149,58,1,0,0,0,0,0.16000000,1,'2018-08-28 09:48:01'),
	(150,58,1,0,0,0,0,0.16000000,1,'2018-08-28 09:49:02'),
	(151,58,1,0,0,0,0,0.16000000,1,'2018-08-28 09:50:01'),
	(152,58,1,0,0,0,0,0.16000000,1,'2018-08-28 09:51:01'),
	(153,58,1,0,0,0,0,0.16000000,1,'2018-08-28 09:52:01'),
	(154,58,1,0,0,0,0,0.16000000,1,'2018-08-28 09:53:01'),
	(155,58,1,0,0,0,0,2.05000000,1,'2018-08-28 09:54:01'),
	(156,58,1,0,0,0,0,2.05000000,1,'2018-08-28 09:55:01'),
	(157,58,1,4,0,0,1,0.73320000,1,'2018-08-28 09:56:01'),
	(158,58,1,4,1,1,1,4.10592000,1,'2018-08-28 09:57:01'),
	(159,58,1,4,0,0,1,0.14666000,1,'2018-08-28 09:59:01'),
	(160,58,1,4,4,1,1,0.14666000,1,'2018-08-28 10:00:01'),
	(161,58,1,0,0,0,0,0.16000000,1,'2018-08-28 10:01:01'),
	(162,58,1,0,0,0,0,0.16000000,1,'2018-08-28 10:06:01'),
	(163,58,1,0,0,0,0,0.17000000,1,'2018-08-28 10:07:01'),
	(164,58,1,0,0,0,0,0.16000000,1,'2018-08-28 10:08:01'),
	(165,58,1,0,0,0,0,0.17000000,1,'2018-08-28 10:09:01'),
	(166,58,1,0,0,0,0,0.18000000,1,'2018-08-28 10:10:01'),
	(167,58,1,0,0,0,0,2.05000000,1,'2018-08-28 10:14:01'),
	(168,58,1,4,0,0,1,0.73340000,1,'2018-08-28 10:15:01'),
	(169,58,1,4,1,1,1,4.10704000,1,'2018-08-28 10:16:01');

/*!40000 ALTER TABLE `tp_fomo_bonus_sequeue` ENABLE KEYS */;
UNLOCK TABLES;


# Dump of table tp_fomo_conf
# ------------------------------------------------------------

DROP TABLE IF EXISTS `tp_fomo_conf`;

CREATE TABLE `tp_fomo_conf` (
  `id` int(11) unsigned NOT NULL AUTO_INCREMENT,
  `title` varchar(50) NOT NULL COMMENT '字段名称',
  `remark` varchar(50) DEFAULT NULL,
  `control_type` varchar(20) NOT NULL COMMENT '控件类型',
  `field` varchar(20) NOT NULL COMMENT '字段',
  `parameter_val` varchar(255) DEFAULT '' COMMENT '键值',
  `order_index` smallint(6) DEFAULT '0' COMMENT '排序',
  PRIMARY KEY (`id`)
) ENGINE=InnoDB DEFAULT CHARSET=utf8 ROW_FORMAT=DYNAMIC COMMENT='FOMO参数配置';

LOCK TABLES `tp_fomo_conf` WRITE;
/*!40000 ALTER TABLE `tp_fomo_conf` DISABLE KEYS */;

INSERT INTO `tp_fomo_conf` (`id`, `title`, `remark`, `control_type`, `field`, `parameter_val`, `order_index`)
VALUES
	(1,'初始Key价格','','number','key_amount','0.001',0),
	(2,'Key递增价格','','number','key_inc_amount','0.001',0),
	(3,'投注推荐奖励','%','text','invite_rate','10',0),
	(4,'投注空投比率','%','number','drop_rate','2',0),
	(5,'获得空投几率','%','number','get_drop_rate','1',0),
	(6,'空投所需Key','个','number','need_key','1',0),
	(7,'递增空投概率','% 每增加一个Key','number','get_inc_drop_rate','0.01',0),
	(8,'投注基金比率','%','number','buy_fund_rate','2',0),
	(9,'是否开启空投',NULL,'select','is_drop','1',0),
	(10,'投注增加时长','秒 没增加一个Key','number','buy_inc_second','30',0),
	(11,'P3D价格',NULL,'number','token_amount','2.6',0),
	(12,'P3D浮动价',NULL,'number','token_float','0.1',0),
	(13,'P3D买卖分配率','%','number','token_trading_rate','10',0),
	(14,'P3D总额',NULL,'number','total_token_amount','25.6',0),
	(15,'P3D奖励总额',NULL,'number','total_token_bonus','9.09',0),
	(16,'P3D历时天数',NULL,'number','total_days','2',0);

/*!40000 ALTER TABLE `tp_fomo_conf` ENABLE KEYS */;
UNLOCK TABLES;


# Dump of table tp_fomo_game
# ------------------------------------------------------------

DROP TABLE IF EXISTS `tp_fomo_game`;

CREATE TABLE `tp_fomo_game` (
  `id` int(11) unsigned NOT NULL AUTO_INCREMENT,
  `name` varchar(50) NOT NULL COMMENT '游戏名称',
  `coin_id` int(11) unsigned NOT NULL COMMENT '币种id',
  `hour` smallint(6) unsigned NOT NULL COMMENT '倒计时时长',
  `winner_rate` decimal(5,2) unsigned NOT NULL DEFAULT '0.00' COMMENT '赢家比率',
  `team_rate` decimal(5,2) unsigned NOT NULL DEFAULT '0.00' COMMENT '团队分红比率',
  `fund_rate` decimal(5,2) unsigned DEFAULT '0.00' COMMENT '基金比率',
  `status` tinyint(1) unsigned NOT NULL DEFAULT '0' COMMENT '游戏状态：0=未开始，1=已开始，2=已结束',
  `total_amount` decimal(18,8) unsigned DEFAULT '0.00000000' COMMENT '投注总额',
  `pool_total_amount` decimal(18,8) unsigned DEFAULT '0.00000000' COMMENT '奖池总金额',
  `release_total_amount` decimal(18,8) unsigned DEFAULT '0.00000000' COMMENT '已发奖金额',
  `drop_total_amount` decimal(18,8) unsigned DEFAULT '0.00000000' COMMENT '空投总额',
  `total_buy_seconds` int(11) unsigned DEFAULT '0' COMMENT '已购时间 秒',
  `end_game_time` int(11) unsigned DEFAULT '0' COMMENT '游戏结束时间 timstamp',
  `to_next_amount` decimal(18,8) unsigned DEFAULT '0.00000000' COMMENT '游戏结束：进入下一局的奖池金额',
  `start_time` datetime NOT NULL COMMENT '游戏开始时间',
  `update_time` datetime NOT NULL COMMENT '更新时间',
  PRIMARY KEY (`id`)
) ENGINE=InnoDB DEFAULT CHARSET=utf8 ROW_FORMAT=DYNAMIC COMMENT='fomo游戏设置';

LOCK TABLES `tp_fomo_game` WRITE;
/*!40000 ALTER TABLE `tp_fomo_game` DISABLE KEYS */;

INSERT INTO `tp_fomo_game` (`id`, `name`, `coin_id`, `hour`, `winner_rate`, `team_rate`, `fund_rate`, `status`, `total_amount`, `pool_total_amount`, `release_total_amount`, `drop_total_amount`, `total_buy_seconds`, `end_game_time`, `to_next_amount`, `start_time`, `update_time`)
VALUES
	(4,'test',1,24,48.00,50.00,2.00,1,26897.44500000,10.85104000,13907.99201000,537.94890000,220020,1555410072,0.00000000,'0000-00-00 00:00:00','2018-08-28 10:13:45');

/*!40000 ALTER TABLE `tp_fomo_game` ENABLE KEYS */;
UNLOCK TABLES;


# Dump of table tp_fomo_key_price
# ------------------------------------------------------------

DROP TABLE IF EXISTS `tp_fomo_key_price`;

CREATE TABLE `tp_fomo_key_price` (
  `id` int(11) unsigned NOT NULL AUTO_INCREMENT,
  `game_id` int(11) NOT NULL,
  `key_amount` decimal(18,8) unsigned NOT NULL DEFAULT '0.00000000' COMMENT '游戏key当前单价',
  `update_time` datetime NOT NULL,
  PRIMARY KEY (`id`)
) ENGINE=InnoDB DEFAULT CHARSET=utf8 ROW_FORMAT=DYNAMIC COMMENT='fomo游戏当前key价格表';

LOCK TABLES `tp_fomo_key_price` WRITE;
/*!40000 ALTER TABLE `tp_fomo_key_price` DISABLE KEYS */;

INSERT INTO `tp_fomo_key_price` (`id`, `game_id`, `key_amount`, `update_time`)
VALUES
	(1,1,1.28300000,'2018-08-20 15:01:53'),
	(2,2,0.00100000,'2018-08-17 14:23:17'),
	(3,3,0.00300000,'2018-08-24 17:40:09'),
	(4,4,7.33500000,'2018-08-28 10:13:45');

/*!40000 ALTER TABLE `tp_fomo_key_price` ENABLE KEYS */;
UNLOCK TABLES;


# Dump of table tp_fomo_key_record
# ------------------------------------------------------------

DROP TABLE IF EXISTS `tp_fomo_key_record`;

CREATE TABLE `tp_fomo_key_record` (
  `id` int(11) unsigned NOT NULL AUTO_INCREMENT,
  `game_id` int(11) unsigned NOT NULL COMMENT '游戏id',
  `team_id` int(11) unsigned NOT NULL COMMENT '所参与战队id',
  `user_id` int(11) NOT NULL,
  `key_num` int(11) unsigned NOT NULL COMMENT '购买key数量',
  `before_num` int(11) unsigned DEFAULT '0' COMMENT '更新前key数量',
  `is_winner` tinyint(1) unsigned DEFAULT '0' COMMENT '是否为指定胜利者0=否，1=是',
  `update_time` datetime NOT NULL COMMENT '更新时间',
  PRIMARY KEY (`id`)
) ENGINE=InnoDB DEFAULT CHARSET=utf8 ROW_FORMAT=DYNAMIC COMMENT='fomo游戏购买f3dkey记录表';

LOCK TABLES `tp_fomo_key_record` WRITE;
/*!40000 ALTER TABLE `tp_fomo_key_record` DISABLE KEYS */;

INSERT INTO `tp_fomo_key_record` (`id`, `game_id`, `team_id`, `user_id`, `key_num`, `before_num`, `is_winner`, `update_time`)
VALUES
	(3,1,1,3,41,31,0,'2018-08-17 11:44:02'),
	(4,1,2,3,30,20,0,'2018-08-17 14:33:40'),
	(5,1,3,4,146,142,0,'2018-08-18 15:38:28'),
	(6,1,2,4,709,707,0,'2018-08-17 18:01:25'),
	(10,1,4,4,17,7,0,'2018-08-17 18:05:23'),
	(11,1,2,2,2,0,0,'2018-08-20 11:09:21'),
	(12,1,3,2,100,0,0,'2018-08-20 11:09:49'),
	(13,1,1,2,281,0,0,'2018-08-20 15:01:53'),
	(41,3,3,1,2,0,0,'2018-08-24 17:40:09'),
	(42,4,2,4,208,207,0,'2018-08-24 17:49:31'),
	(43,4,3,4,5207,4307,0,'2018-08-24 17:42:16'),
	(44,4,4,4,1800,0,0,'2018-08-24 17:42:04'),
	(45,4,1,4,6,5,0,'2018-08-24 17:49:26'),
	(46,4,1,1,57,56,0,'2018-08-27 15:26:36'),
	(47,4,4,1,50,0,0,'2018-08-27 11:30:20'),
	(48,4,1,58,5,4,0,'2018-08-28 10:13:45'),
	(49,4,4,58,1,0,0,'2018-08-28 09:58:10');

/*!40000 ALTER TABLE `tp_fomo_key_record` ENABLE KEYS */;
UNLOCK TABLES;


# Dump of table tp_fomo_reward_record
# ------------------------------------------------------------

DROP TABLE IF EXISTS `tp_fomo_reward_record`;

CREATE TABLE `tp_fomo_reward_record` (
  `id` int(11) unsigned NOT NULL AUTO_INCREMENT,
  `game_id` int(10) NOT NULL COMMENT '游戏id',
  `user_id` int(11) NOT NULL,
  `coin_id` int(11) unsigned NOT NULL COMMENT '币种id',
  `type` tinyint(1) unsigned NOT NULL DEFAULT '0' COMMENT '奖励类型 0=投注分红，1=战队分红，2=胜利分红，3=邀请分红',
  `amount` decimal(18,8) unsigned NOT NULL DEFAULT '0.00000000' COMMENT '分红金额',
  `before_amount` decimal(18,8) unsigned NOT NULL DEFAULT '0.00000000' COMMENT '分红前金额',
  `after_amount` decimal(18,8) unsigned NOT NULL DEFAULT '0.00000000' COMMENT '分红后金额',
  `remark` varchar(255) DEFAULT NULL COMMENT '备注',
  `update_time` datetime NOT NULL COMMENT '更新时间',
  PRIMARY KEY (`id`)
) ENGINE=InnoDB DEFAULT CHARSET=utf8 ROW_FORMAT=DYNAMIC COMMENT='fomo游戏分红记录表';

LOCK TABLES `tp_fomo_reward_record` WRITE;
/*!40000 ALTER TABLE `tp_fomo_reward_record` DISABLE KEYS */;

INSERT INTO `tp_fomo_reward_record` (`id`, `game_id`, `user_id`, `coin_id`, `type`, `amount`, `before_amount`, `after_amount`, `remark`, `update_time`)
VALUES
	(1,0,1,1,0,0.00010000,0.00000000,0.00000000,'p3d投注分红','2018-08-19 20:11:01'),
	(2,0,1,1,0,0.00280000,0.00000000,0.00000000,'p3d投注分红','2018-08-19 20:14:01'),
	(3,0,1,1,0,0.00060000,0.00000000,0.00000000,'p3d投注分红','2018-08-19 20:16:01'),
	(4,0,1,1,0,0.00200000,0.00000000,0.00000000,'p3d投注分红','2018-08-19 20:18:02'),
	(5,0,1,1,0,0.00850000,0.00000000,0.00000000,'p3d投注分红','2018-08-19 20:20:01'),
	(6,0,1,1,0,0.00750000,0.00000000,0.00000000,'p3d投注分红','2018-08-19 20:22:01'),
	(7,0,1,1,0,0.02150000,0.00000000,0.00000000,'p3d投注分红','2018-08-19 20:24:01'),
	(8,0,1,1,0,0.02440000,0.00000000,0.00000000,'p3d投注分红','2018-08-19 20:26:01'),
	(9,0,1,1,0,0.03160000,0.00000000,0.00000000,'p3d投注分红','2018-08-19 20:28:02'),
	(10,0,1,1,0,0.03880000,0.00000000,0.00000000,'p3d投注分红','2018-08-19 20:30:01'),
	(11,0,1,1,0,0.00318000,0.00000000,0.00000000,'p3d投注分红','2018-08-19 20:32:01'),
	(12,0,1,1,0,0.00856000,0.00000000,0.00000000,'p3d投注分红','2018-08-19 20:34:01'),
	(13,0,1,1,0,0.00872000,0.00000000,0.00000000,'p3d投注分红','2018-08-19 20:36:02'),
	(14,0,1,1,0,0.03570000,0.00000000,0.00000000,'p3d投注分红','2018-08-19 20:38:01'),
	(15,0,1,1,0,0.00774000,0.00000000,0.00000000,'p3d投注分红','2018-08-19 20:40:01'),
	(16,0,1,1,0,0.01048000,0.00000000,0.00000000,'p3d投注分红','2018-08-19 20:42:01'),
	(17,0,1,1,0,0.71298000,0.00000000,0.00000000,'p3d投注分红','2018-08-19 20:44:02'),
	(18,0,1,1,0,0.01336000,0.00000000,0.00000000,'p3d投注分红','2018-08-19 20:46:01'),
	(19,0,1,1,0,28.92400000,0.00000000,0.00000000,'p3d投注分红','2018-08-19 20:48:01'),
	(20,0,1,1,0,0.05196000,0.00000000,0.00000000,'p3d投注分红','2018-08-19 20:50:01'),
	(21,0,1,1,0,0.13864000,0.00000000,0.00000000,'p3d投注分红','2018-08-19 20:52:01'),
	(22,0,1,1,0,0.05202000,0.00000000,0.00000000,'p3d投注分红','2018-08-19 20:54:02'),
	(23,0,1,1,0,0.12180000,0.00000000,0.00000000,'p3d投注分红','2018-08-19 20:56:01'),
	(24,0,1,1,0,0.17550000,0.00000000,0.00000000,'p3d投注分红','2018-08-19 20:58:02'),
	(25,0,1,1,0,0.15894000,0.00000000,0.00000000,'p3d投注分红','2018-08-19 21:00:01'),
	(26,0,1,1,0,0.05304000,0.00000000,0.00000000,'p3d投注分红','2018-08-19 21:02:01'),
	(27,0,1,1,0,0.10614000,0.00000000,0.00000000,'p3d投注分红','2018-08-19 21:04:01'),
	(28,0,1,1,0,0.15948000,0.00000000,0.00000000,'p3d投注分红','2018-08-19 21:06:01'),
	(29,0,1,1,0,0.15984000,0.00000000,0.00000000,'p3d投注分红','2018-08-19 21:08:02'),
	(30,0,1,1,0,0.16020000,0.00000000,0.00000000,'p3d投注分红','2018-08-19 21:10:01'),
	(31,0,1,1,0,0.05346000,0.00000000,0.00000000,'p3d投注分红','2018-08-19 21:12:02'),
	(32,0,1,1,0,0.05346000,0.00000000,0.00000000,'p3d投注分红','2018-08-19 21:14:01'),
	(33,0,1,1,0,0.10698000,0.00000000,0.00000000,'p3d投注分红','2018-08-19 21:16:01'),
	(34,0,1,1,0,0.16074000,0.00000000,0.00000000,'p3d投注分红','2018-08-19 21:18:02'),
	(35,0,1,1,0,0.05364000,0.00000000,0.00000000,'p3d投注分红','2018-08-19 21:20:01'),
	(36,0,1,1,0,0.05364000,0.00000000,0.00000000,'p3d投注分红','2018-08-19 21:22:01'),
	(37,0,1,1,0,0.05370000,0.00000000,0.00000000,'p3d投注分红','2018-08-19 21:24:01'),
	(38,0,1,1,0,0.21540000,0.00000000,0.00000000,'p3d投注分红','2018-08-19 21:26:01'),
	(39,1,1,1,0,0.14408000,0.00000000,0.00000000,'p3d投注分红','2018-08-20 11:10:01'),
	(40,1,3,1,0,0.03135344,0.00000000,0.00000000,'f3d投注分红','2018-08-20 11:11:01'),
	(41,1,4,1,0,0.74098633,0.00000000,0.00000000,'f3d投注分红','2018-08-20 11:11:01'),
	(42,1,1,1,0,5.70900000,0.00000000,0.00000000,'p3d投注分红','2018-08-20 11:12:01'),
	(43,1,4,1,0,16.94134146,0.00000000,0.00000000,'f3d投注分红','2018-08-20 11:13:01'),
	(44,1,1,1,0,32.09020000,0.00000000,0.00000000,'p3d投注分红','2018-08-20 15:02:01'),
	(45,1,3,1,0,22.88170783,0.00000000,0.00000000,'f3d投注分红','2018-08-20 15:03:01'),
	(46,0,1,1,0,0.10000000,0.00000000,0.00000000,'p3d投注分红','2018-08-21 14:14:01'),
	(47,3,0,1,2,0.00000000,0.00000000,0.00000000,'胜利者分红','2018-08-23 14:13:55'),
	(48,3,1,1,0,0.00018000,1.96100000,1.96118000,'p3d投注分红','2018-08-24 17:41:01'),
	(49,4,1,1,0,0.00024000,1.96118000,1.96142000,'p3d投注分红','2018-08-24 17:43:01'),
	(50,4,1,1,0,0.00056000,1.96142000,1.96198000,'p3d投注分红','2018-08-24 17:45:01'),
	(51,4,1,1,0,0.00336000,1.96198000,1.96534000,'p3d投注分红','2018-08-24 17:47:02'),
	(52,4,1,1,0,0.49200000,1.96534000,2.45734000,'p3d投注分红','2018-08-24 17:49:01'),
	(53,4,1,1,0,583.46700000,2.45734000,585.92434000,'p3d投注分红','2018-08-24 17:51:01'),
	(54,4,1,1,0,191.21400000,585.92434000,777.13834000,'p3d投注分红','2018-08-24 17:53:01'),
	(55,4,1,1,0,359.72100000,777.13834000,1136.85934000,'p3d投注分红','2018-08-24 17:55:01'),
	(56,4,1,1,0,0.71120000,1136.85934000,1137.57054000,'p3d投注分红','2018-08-24 17:57:01'),
	(57,4,1,1,0,0.56904000,1137.57054000,1138.13958000,'p3d投注分红','2018-08-24 17:59:01'),
	(58,4,1,1,0,1.13832000,1138.13958000,1139.27790000,'p3d投注分红','2018-08-24 18:01:01'),
	(59,4,1,1,0,1.42330000,1139.27790000,1140.70120000,'p3d投注分红','2018-08-24 18:03:01'),
	(60,4,1,1,0,0.71180000,1140.70120000,1141.41300000,'p3d投注分红','2018-08-24 18:05:01'),
	(61,4,1,1,0,0.71190000,1141.41300000,1142.12490000,'p3d投注分红','2018-08-24 18:07:01'),
	(62,4,1,1,0,57.35600000,1142.12490000,1199.48090000,'p3d投注分红','2018-08-24 18:09:01'),
	(63,4,1,1,0,0.72200000,1199.48090000,1200.20290000,'p3d投注分红','2018-08-24 18:11:01'),
	(64,4,1,1,0,0.57768000,1200.20290000,1200.78058000,'p3d投注分红','2018-08-24 18:13:01'),
	(65,4,1,1,0,0.72220000,1193.55858000,1194.28078000,'p3d投注分红','2018-08-27 11:00:01'),
	(66,4,4,1,0,3.46656000,9973720.40132780,9973723.86788780,'f3d投注分红','2018-08-27 11:01:01'),
	(67,4,1,1,0,0.72230000,1187.05778000,1187.78008000,'p3d投注分红','2018-08-27 11:20:01'),
	(68,4,4,1,0,3.03366000,9973723.86788780,9973726.90154780,'f3d投注分红','2018-08-27 11:21:01'),
	(69,4,1,1,0,0.72240000,1180.55608000,1181.27848000,'p3d投注分红','2018-08-27 11:29:01'),
	(70,4,4,1,0,2.42726400,9973726.90154780,9973729.32881180,'f3d投注分红','2018-08-27 11:30:01'),
	(71,4,1,1,0,0.72250000,446.50348000,447.22598000,'p3d投注分红','2018-08-27 11:31:01'),
	(72,4,4,1,0,0.40460000,9973729.32881180,9973729.73341180,'f3d投注分红','2018-08-27 11:32:01'),
	(73,4,1,1,0,36.25250000,447.22598000,483.47848000,'p3d投注分红','2018-08-27 11:33:01'),
	(74,4,4,1,0,20.30140000,9973729.73341180,9973750.03481180,'f3d投注分红','2018-08-27 11:34:01'),
	(75,4,1,1,0,7.30050000,483.47848000,490.77898000,'p3d投注分红','2018-08-27 11:35:01'),
	(76,4,4,1,0,7.10318919,9973750.03481180,9973757.13800100,'f3d投注分红','2018-08-27 11:36:01'),
	(77,4,1,1,0,0.73260000,480.11298000,480.84558000,'p3d投注分红','2018-08-27 14:58:01'),
	(78,4,4,1,0,0.40353049,9973757.13800100,9973757.54153150,'f3d投注分红','2018-08-27 14:59:01'),
	(79,4,1,1,0,0.73270000,473.51858000,474.25128000,'p3d投注分红','2018-08-27 15:23:01'),
	(80,4,4,1,0,0.39707613,9973757.54153150,9973757.93860760,'f3d投注分红','2018-08-27 15:24:01'),
	(81,4,1,1,0,0.73280000,465.87328000,466.60608000,'p3d投注分红','2018-08-27 15:27:01'),
	(82,4,4,1,0,0.39082667,9973757.93860760,9973758.32943430,'f3d投注分红','2018-08-27 15:28:01'),
	(83,4,1,1,0,0.73290000,403.70608000,404.43898000,'p3d投注分红','2018-08-28 09:42:02'),
	(84,4,4,1,0,0.37885292,9973758.32943430,9973758.70828720,'f3d投注分红','2018-08-28 09:43:01'),
	(85,4,1,1,0,3.59910277,404.43898000,408.03808277,'f3d投注分红','2018-08-28 09:43:01'),
	(86,4,58,1,0,0.00000000,0.00000000,0.00000000,'空投奖励','2018-08-28 09:43:10'),
	(87,4,1,1,0,0.73300000,408.03808277,408.77108277,'p3d投注分红','2018-08-28 09:44:01'),
	(88,4,4,1,0,0.37316364,9973758.70828720,9973759.08145080,'f3d投注分红','2018-08-28 09:45:01'),
	(89,4,1,1,0,3.54505455,408.77108277,412.31613732,'f3d投注分红','2018-08-28 09:45:01'),
	(90,4,1,1,0,0.73310000,412.31613732,413.04923732,'p3d投注分红','2018-08-28 09:46:01'),
	(91,4,4,1,0,0.37321455,9973759.08145080,9973759.45466530,'f3d投注分红','2018-08-28 09:47:01'),
	(92,4,1,1,0,3.54553818,413.04923732,416.59477550,'f3d投注分红','2018-08-28 09:47:01'),
	(93,0,1,1,0,0.16000000,416.59477550,416.75477550,'p3d投注分红','2018-08-28 09:48:01'),
	(94,0,1,1,0,0.16000000,416.75477550,416.91477550,'p3d投注分红','2018-08-28 09:49:02'),
	(95,0,1,1,0,0.16000000,416.91477550,417.07477550,'p3d投注分红','2018-08-28 09:50:01'),
	(96,0,1,1,0,0.16000000,417.07477550,417.23477550,'p3d投注分红','2018-08-28 09:51:01'),
	(97,0,1,1,0,0.16000000,417.23477550,417.39477550,'p3d投注分红','2018-08-28 09:52:01'),
	(98,0,1,1,0,0.16000000,417.39477550,417.55477550,'p3d投注分红','2018-08-28 09:53:01'),
	(99,0,1,1,0,2.05000000,417.55477550,419.60477550,'p3d投注分红','2018-08-28 09:54:01'),
	(100,0,1,1,0,2.05000000,419.60477550,421.65477550,'p3d投注分红','2018-08-28 09:55:01'),
	(101,4,1,1,0,0.73320000,421.65477550,422.38797550,'p3d投注分红','2018-08-28 09:56:01'),
	(102,4,4,1,0,0.36769433,9973759.45466530,9973759.82235960,'f3d投注分红','2018-08-28 09:57:01'),
	(103,4,1,1,0,3.49309612,422.38797550,425.88107162,'f3d投注分红','2018-08-28 09:57:01'),
	(104,4,1,1,0,0.14666000,425.88107162,426.02773162,'p3d投注分红','2018-08-28 09:59:01'),
	(105,4,4,1,0,0.14261912,9973759.82235960,9973759.96497870,'f3d投注分红','2018-08-28 10:00:01'),
	(106,4,1,1,0,0.00396164,426.02773162,426.03169326,'f3d投注分红','2018-08-28 10:00:01'),
	(107,0,1,1,0,0.16000000,426.03169326,426.19169326,'p3d投注分红','2018-08-28 10:01:01'),
	(108,0,1,1,0,0.14000000,426.19169326,426.33169326,'p3d投注分红','2018-08-28 10:06:01'),
	(109,0,1,1,0,0.17000000,426.33169326,426.50169326,'p3d投注分红','2018-08-28 10:07:01'),
	(110,0,1,1,0,0.16000000,426.50169326,426.66169326,'p3d投注分红','2018-08-28 10:08:01'),
	(111,0,1,1,0,0.17000000,426.66169326,426.83169326,'p3d投注分红','2018-08-28 10:09:01'),
	(112,0,1,1,0,0.18000000,426.83169326,427.01169326,'p3d投注分红','2018-08-28 10:10:01'),
	(113,0,1,1,0,0.84411765,427.01169326,427.85581091,'p3d投注分红','2018-08-28 10:14:01'),
	(114,4,1,1,0,0.30198824,427.85581091,428.15779915,'p3d投注分红','2018-08-28 10:15:01'),
	(115,4,58,1,0,0.43141176,1031.33100000,1031.76241176,'p3d投注分红','2018-08-28 10:15:01'),
	(116,4,4,1,0,0.36238588,9973759.96497870,9973760.32736460,'f3d投注分红','2018-08-28 10:16:01'),
	(117,4,1,1,0,3.44266588,428.15779915,431.60046503,'f3d投注分红','2018-08-28 10:16:01');

/*!40000 ALTER TABLE `tp_fomo_reward_record` ENABLE KEYS */;
UNLOCK TABLES;


# Dump of table tp_fomo_team
# ------------------------------------------------------------

DROP TABLE IF EXISTS `tp_fomo_team`;

CREATE TABLE `tp_fomo_team` (
  `id` int(11) unsigned NOT NULL AUTO_INCREMENT,
  `status` tinyint(1) unsigned NOT NULL DEFAULT '1' COMMENT '是否开启 0=关闭， 1=开启',
  `name` varchar(50) NOT NULL COMMENT '战队名称',
  `detail` varchar(200) NOT NULL COMMENT '战队简介',
  `pic` varchar(255) NOT NULL COMMENT '战队logo',
  `pool_rate` decimal(5,2) unsigned NOT NULL DEFAULT '0.00' COMMENT '投注时，进入奖池比率',
  `f3d_rate` decimal(5,2) unsigned NOT NULL DEFAULT '0.00' COMMENT '投注时，f3d玩家分红比率',
  `p3d_rate` decimal(5,2) unsigned DEFAULT '0.00' COMMENT '投注时，p3d玩家分红比率',
  `to_next_rate` decimal(5,2) unsigned NOT NULL DEFAULT '0.00' COMMENT '游戏结束后，奖池分配中进入下一句游戏的比率',
  `end_f3d_rate` decimal(5,2) unsigned NOT NULL DEFAULT '0.00' COMMENT '游戏结束时 所有f3d玩家分配的奖励比率',
  `end_p3d_rate` decimal(5,2) unsigned DEFAULT '0.00' COMMENT '游戏结束时所有p3d玩家获得奖池比率',
  `update_time` datetime NOT NULL,
  PRIMARY KEY (`id`)
) ENGINE=InnoDB DEFAULT CHARSET=utf8 ROW_FORMAT=DYNAMIC COMMENT='fomo游戏战队设置表';

LOCK TABLES `tp_fomo_team` WRITE;
/*!40000 ALTER TABLE `tp_fomo_team` DISABLE KEYS */;

INSERT INTO `tp_fomo_team` (`id`, `status`, `name`, `detail`, `pic`, `pool_rate`, `f3d_rate`, `p3d_rate`, `to_next_rate`, `end_f3d_rate`, `end_p3d_rate`, `update_time`)
VALUES
	(1,1,'青龙队','分红最多','/uploads/fomo/20180822/2ddf6294e38a41d96a93d77b7808bdec.png',20.00,56.00,10.00,10.00,20.00,20.00,'2018-08-22 23:32:29'),
	(2,1,'白虎队','奖池最大','/uploads/fomo/20180822/ddb5de0045e413ef5c9d7f34ef2504db.png',35.00,43.00,8.00,10.00,30.00,10.00,'2018-08-22 23:22:30'),
	(3,1,'朱雀队','平均分配','/uploads/fomo/20180822/450a78a76211104cf00dde18207aa3f8.png',50.00,30.00,6.00,25.00,15.00,10.00,'2018-08-22 23:27:15'),
	(4,1,'玄武 ','最大化ETH','/uploads/fomo/20180822/569edd6557446112e158abf1a62318b2.png',48.00,2.00,2.00,2.00,2.00,2.00,'2018-08-27 09:44:59');

/*!40000 ALTER TABLE `tp_fomo_team` ENABLE KEYS */;
UNLOCK TABLES;


# Dump of table tp_fomo_team_total
# ------------------------------------------------------------

DROP TABLE IF EXISTS `tp_fomo_team_total`;

CREATE TABLE `tp_fomo_team_total` (
  `id` int(11) unsigned NOT NULL AUTO_INCREMENT,
  `team_id` int(11) unsigned NOT NULL,
  `game_id` int(11) unsigned NOT NULL,
  `coin_id` int(11) unsigned NOT NULL,
  `total_amount` decimal(18,8) unsigned DEFAULT '0.00000000' COMMENT '投注总额',
  `before_total_amount` decimal(18,8) unsigned DEFAULT '0.00000000' COMMENT '更新前总金额',
  `update_time` datetime NOT NULL,
  PRIMARY KEY (`id`)
) ENGINE=InnoDB DEFAULT CHARSET=utf8 ROW_FORMAT=DYNAMIC COMMENT='战队投注总额';

LOCK TABLES `tp_fomo_team_total` WRITE;
/*!40000 ALTER TABLE `tp_fomo_team_total` DISABLE KEYS */;

INSERT INTO `tp_fomo_team_total` (`id`, `team_id`, `game_id`, `coin_id`, `total_amount`, `before_total_amount`, `update_time`)
VALUES
	(1,1,1,1,321.30300000,0.40100000,'2018-08-20 15:01:53'),
	(2,2,1,1,366.78300000,364.98200000,'2018-08-20 11:09:21'),
	(3,3,1,1,135.35400000,40.20400000,'2018-08-20 11:09:49'),
	(7,1,2,5,0.00000000,0.00000000,'2018-08-17 14:23:17'),
	(8,2,2,5,0.00000000,0.00000000,'2018-08-17 14:23:17'),
	(9,3,2,5,0.00000000,0.00000000,'2018-08-17 14:23:17'),
	(13,4,1,1,14.86500000,6.09000000,'2018-08-17 18:05:23'),
	(14,4,2,5,0.00000000,0.00000000,'2018-08-17 18:06:09'),
	(15,1,3,1,0.00000000,0.00000000,'0000-00-00 00:00:00'),
	(16,2,3,1,0.00000000,0.00000000,'0000-00-00 00:00:00'),
	(19,3,3,1,0.00300000,0.00000000,'2018-08-24 17:40:09'),
	(20,1,2,5,0.00000000,0.00000000,'2018-08-17 14:23:17'),
	(21,4,3,1,0.00000000,0.00000000,'0000-00-00 00:00:00'),
	(27,1,4,1,492.85800000,485.52400000,'2018-08-28 10:13:45'),
	(28,2,4,1,751.67300000,744.45200000,'2018-08-24 17:49:31'),
	(29,3,4,1,15719.85600000,9724.50600000,'2018-08-24 17:42:16'),
	(30,4,4,1,9933.05800000,9925.72500000,'2018-08-28 09:58:10');

/*!40000 ALTER TABLE `tp_fomo_team_total` ENABLE KEYS */;
UNLOCK TABLES;


# Dump of table tp_fomo_token_record
# ------------------------------------------------------------

DROP TABLE IF EXISTS `tp_fomo_token_record`;

CREATE TABLE `tp_fomo_token_record` (
  `id` int(11) unsigned NOT NULL AUTO_INCREMENT,
  `user_id` int(11) unsigned NOT NULL,
  `token` decimal(18,8) unsigned NOT NULL COMMENT 'p3d token数量',
  `before_token` decimal(18,8) unsigned NOT NULL COMMENT '更新前token数量',
  `update_time` datetime NOT NULL COMMENT '更新时间',
  PRIMARY KEY (`id`)
) ENGINE=InnoDB DEFAULT CHARSET=utf8 ROW_FORMAT=DYNAMIC COMMENT='fomo游戏 用户p3d token表';

LOCK TABLES `tp_fomo_token_record` WRITE;
/*!40000 ALTER TABLE `tp_fomo_token_record` DISABLE KEYS */;

INSERT INTO `tp_fomo_token_record` (`id`, `user_id`, `token`, `before_token`, `update_time`)
VALUES
	(1,1,7.00000000,6.00000000,'2018-08-27 17:30:02'),
	(2,4,0.00000000,1.00000000,'2018-08-21 14:13:40'),
	(3,58,10.00000000,0.00000000,'2018-08-28 10:13:36');

/*!40000 ALTER TABLE `tp_fomo_token_record` ENABLE KEYS */;
UNLOCK TABLES;


# Dump of table tp_goods
# ------------------------------------------------------------

DROP TABLE IF EXISTS `tp_goods`;

CREATE TABLE `tp_goods` (
  `id` int(11) unsigned NOT NULL AUTO_INCREMENT,
  `coin_id` int(11) unsigned NOT NULL COMMENT '币种id',
  `status` tinyint(1) unsigned NOT NULL DEFAULT '1' COMMENT '商品状态， 1= 上架， 0=未上架  ， 2=已下架',
  `goods_name` varchar(255) NOT NULL COMMENT '商品名称',
  `detail` varchar(255) DEFAULT NULL COMMENT '简介',
  `num` int(11) NOT NULL DEFAULT '1' COMMENT '数量',
  `total_num` int(11) NOT NULL COMMENT '发行总量',
  `stock` int(11) DEFAULT '0' COMMENT '剩余数量',
  `pic` varchar(255) DEFAULT NULL COMMENT '图片',
  `need_point` int(11) NOT NULL DEFAULT '0' COMMENT '所需金币数量',
  `order_index` smallint(6) NOT NULL DEFAULT '0' COMMENT '排序',
  `update_time` datetime NOT NULL COMMENT '更新时间',
  PRIMARY KEY (`id`)
) ENGINE=InnoDB DEFAULT CHARSET=utf8 ROW_FORMAT=DYNAMIC COMMENT='商城商品表';



# Dump of table tp_goods_order
# ------------------------------------------------------------

DROP TABLE IF EXISTS `tp_goods_order`;

CREATE TABLE `tp_goods_order` (
  `id` int(11) unsigned NOT NULL AUTO_INCREMENT,
  `user_id` int(11) NOT NULL COMMENT '用户id',
  `goods_id` int(11) NOT NULL COMMENT '礼品id',
  `name` varchar(255) NOT NULL,
  `phone` varchar(50) NOT NULL,
  `address` varchar(255) NOT NULL COMMENT '地址',
  `post_code` int(6) DEFAULT NULL COMMENT '邮政编码',
  `order_code` varchar(50) NOT NULL COMMENT '订单编号',
  `tracking_no` varchar(50) DEFAULT NULL COMMENT '快递单号',
  `order_status` tinyint(1) NOT NULL DEFAULT '0' COMMENT '订单状态  0=未发货 ，1=已发货，2=已收货',
  `coin_id` int(11) unsigned NOT NULL,
  `point` int(11) NOT NULL COMMENT '使用积分数量',
  `remark` varchar(255) DEFAULT NULL COMMENT '备注',
  `update_time` datetime NOT NULL,
  PRIMARY KEY (`id`)
) ENGINE=InnoDB DEFAULT CHARSET=utf8 ROW_FORMAT=DYNAMIC COMMENT='商品订单表';



# Dump of table tp_market
# ------------------------------------------------------------

DROP TABLE IF EXISTS `tp_market`;

CREATE TABLE `tp_market` (
  `id` int(11) unsigned NOT NULL AUTO_INCREMENT,
  `is_allow` tinyint(1) NOT NULL DEFAULT '0' COMMENT '1=启用',
  `transfer_name` varchar(255) DEFAULT NULL COMMENT '币种/交易币',
  `coin_name` varchar(255) NOT NULL DEFAULT '' COMMENT '币种',
  `pay_coin_name` varchar(255) NOT NULL COMMENT '交易币',
  `amount` float DEFAULT '0' COMMENT '交易量',
  `open` float DEFAULT '0' COMMENT '前24小时成交价',
  `close` float DEFAULT '0' COMMENT '当前成交价',
  `high` float DEFAULT '0' COMMENT '24小时最高价',
  `low` float DEFAULT '0' COMMENT '24小时最低价',
  `count` int(11) DEFAULT '0' COMMENT '24小时交易笔数',
  `vol` float DEFAULT '0' COMMENT '24小时成交额',
  `rate` decimal(11,2) DEFAULT '0.00' COMMENT '起伏',
  `cny` decimal(11,5) DEFAULT '0.00000' COMMENT '人民币',
  `update_time` datetime DEFAULT NULL COMMENT '更新时间',
  `coin_id` tinyint(2) DEFAULT '0' COMMENT '币种id',
  PRIMARY KEY (`id`)
) ENGINE=MyISAM DEFAULT CHARSET=utf8 ROW_FORMAT=DYNAMIC COMMENT='火币市场';

LOCK TABLES `tp_market` WRITE;
/*!40000 ALTER TABLE `tp_market` DISABLE KEYS */;

INSERT INTO `tp_market` (`id`, `is_allow`, `transfer_name`, `coin_name`, `pay_coin_name`, `amount`, `open`, `close`, `high`, `low`, `count`, `vol`, `rate`, `cny`, `update_time`, `coin_id`)
VALUES
	(3,1,'ETH/USDT','ETH','USDT',428328,283.12,298.45,302,281.15,144648,125138000,0.05,2056.32056,'2018-08-17 14:46:54',1),
	(4,1,'BTM/ETH','BTM','ETH',923085,0.00071546,0.00069842,0.00076284,0.00068551,5653,650.876,-0.02,1.98818,'2018-08-01 14:12:31',0),
	(5,1,'KNC/ETH','KNC','ETH',503780,0.00188097,0.00181408,0.00188796,0.00180984,21147,928.709,-0.04,5.16411,'2018-08-01 14:12:36',0),
	(6,1,'MANA/ETH','MANA','ETH',4606150,0.00026717,0.00024494,0.00026987,0.00024265,14191,1192.23,-0.08,0.69727,'2018-08-01 14:14:38',0),
	(7,1,'OMG/ETH','OMG','ETH',154622,0.01726,0.016766,0.0174,0.016702,8350,2638.24,-0.03,50.29800,'2018-07-07 17:22:10',0),
	(8,1,'STORJ/BTC','STORJ','BTC',503799,0.00007345,0.00007615,0.0000823,0.00007127,13062,38.7426,0.04,0.00049,'2018-07-07 17:22:10',0),
	(9,1,'BNT/ETH','BNT','ETH',0,0,0,0,0,0,0,0.00,0.00000,NULL,0),
	(10,1,'AE/ETH','AE','ETH',46316.6,0.004496,0.004424,0.004533,0.004261,4650,206.217,-0.02,13.27200,'2018-07-07 17:22:10',0),
	(11,1,'LRC/ETH','LRC','ETH',0,0,0,0,0,0,0,0.00,0.00000,NULL,0),
	(12,1,'SNT/USDT','SNT','USDT',5126480,0.081497,0.080491,0.088,0.079538,12134,423501,-0.01,0.52319,'2018-07-07 17:22:10',0),
	(13,0,'APC/USDT','APC','USDT',1000,0,1000,1000,1000,1000,1000,-10.00,10.00000,'2018-08-01 16:33:56',0),
	(14,1,'BCH/USDT','BCH','USDT',91048.1,762.21,759,774.26,742,52331,69164000,0.00,5161.20020,'2018-08-02 14:52:00',0);

/*!40000 ALTER TABLE `tp_market` ENABLE KEYS */;
UNLOCK TABLES;


# Dump of table tp_member_account
# ------------------------------------------------------------

DROP TABLE IF EXISTS `tp_member_account`;

CREATE TABLE `tp_member_account` (
  `id` int(11) unsigned NOT NULL AUTO_INCREMENT,
  `pid` int(11) DEFAULT '0' COMMENT '自关联id ， 二级会员才有',
  `aid` int(11) DEFAULT '0' COMMENT '左右区节点id',
  `address` varchar(60) DEFAULT NULL COMMENT 'wallet address',
  `wallet_name` varchar(255) DEFAULT NULL COMMENT '钱包名称',
  `username` varchar(255) DEFAULT NULL COMMENT '用户名',
  `phone` varchar(50) DEFAULT NULL COMMENT '手机号',
  `email` varchar(255) DEFAULT NULL COMMENT 'email',
  `password` varchar(255) NOT NULL COMMENT '密码',
  `eth_pass` varchar(255) DEFAULT NULL,
  `pay_password` varchar(255) DEFAULT NULL COMMENT '支付密码',
  `pwd_notice` varchar(255) DEFAULT NULL COMMENT '密码提示',
  `is_auth` tinyint(1) DEFAULT '0' COMMENT '认证状态：-1:不通过，0=未认证，1=已认证，2=待认证',
  `is_frozen` tinyint(1) unsigned DEFAULT '0' COMMENT '账号冻结状态：0=正常，1=冻结',
  `card_no` varchar(20) DEFAULT NULL COMMENT '身份证号码',
  `real_name` varchar(20) DEFAULT NULL COMMENT '真实姓名',
  `id_face` varchar(255) DEFAULT NULL COMMENT '身份证正面',
  `id_back` varchar(255) DEFAULT NULL COMMENT '身份证背面',
  `id_stand` varchar(255) DEFAULT NULL COMMENT '手持身份证照',
  `register_time` datetime NOT NULL COMMENT '注册时间',
  `logic_delete` tinyint(1) DEFAULT '0' COMMENT '1=已逻辑删除',
  `delete_time` datetime DEFAULT NULL COMMENT '删除时间',
  PRIMARY KEY (`id`)
) ENGINE=InnoDB DEFAULT CHARSET=utf8 ROW_FORMAT=COMPACT COMMENT='用户账号表';

LOCK TABLES `tp_member_account` WRITE;
/*!40000 ALTER TABLE `tp_member_account` DISABLE KEYS */;

INSERT INTO `tp_member_account` (`id`, `pid`, `aid`, `address`, `wallet_name`, `username`, `phone`, `email`, `password`, `eth_pass`, `pay_password`, `pwd_notice`, `is_auth`, `is_frozen`, `card_no`, `real_name`, `id_face`, `id_back`, `id_stand`, `register_time`, `logic_delete`, `delete_time`)
VALUES
	(1,0,0,'0xae670682e150950d602f99a13bb6515eaae44e7f','1000web','slq','13011111111',NULL,'c683890bddd853417ba6fac6f2de5c4c','token130111111113012','4297f44b13955235245b2497399d7a93','',1,0,NULL,NULL,NULL,NULL,NULL,'2018-06-12 16:55:40',0,NULL),
	(2,1,0,'0x41b22eE6EE178958C4dca7eEf2ddf377B99c31A9','','sss','13022222222',NULL,'30d8110bacf05011cb84414f382de0b3','token130222222223000',NULL,'',0,0,NULL,NULL,NULL,NULL,NULL,'2018-06-15 17:04:35',0,NULL),
	(3,1,0,'0xb39b7519fb0875c6daaa7b550ecb6feb424f2f14',NULL,'rinse','13067237053',NULL,'30d8110bacf05011cb84414f382de0b3','token130672370537356',NULL,NULL,0,0,NULL,NULL,NULL,NULL,NULL,'2018-08-15 14:11:07',0,NULL),
	(4,1,0,'0x6a37df2566cbf46b52bc2e690233fe95b4b2a021',NULL,'test ','15860950624',NULL,'60032f806b86fbf40ff720f35d40a357','token158609506246643',NULL,NULL,0,0,NULL,NULL,NULL,NULL,NULL,'2018-08-17 13:35:39',0,NULL),
	(5,0,0,'0xa24f13f1bbe0ddea6d9ed5e7f8cad7f456790317',NULL,NULL,'15280705009',NULL,'3a300c48b47b714d9821dc473304aa84','token152807050093781','4297f44b13955235245b2497399d7a93',NULL,0,0,NULL,NULL,NULL,NULL,NULL,'2018-08-19 21:26:09',0,NULL),
	(6,2,0,'0xece2116f4121d0c9854d16d4b7cbe19098dc3b371',NULL,'111','15280705010',NULL,'1bbd886460827015e5d605ed44252251','token152807050101510',NULL,NULL,0,0,NULL,NULL,NULL,NULL,NULL,'2018-08-19 21:31:45',0,NULL),
	(7,2,0,'0xe7c6f0933dc2e5735d7479f53b62784db98523f7',NULL,NULL,'15280705008',NULL,'1bbd886460827015e5d605ed44252251','token152807050085020',NULL,NULL,0,0,NULL,NULL,NULL,NULL,NULL,'2018-08-19 21:34:18',0,NULL),
	(8,0,0,'0x63d4953f9aaa362b60b6df21b760218abf1f11f5',NULL,NULL,'15280705007',NULL,'1bbd886460827015e5d605ed44252251','token152807050075621',NULL,NULL,0,0,NULL,NULL,NULL,NULL,NULL,'2018-08-19 22:14:21',0,NULL),
	(9,0,0,'0x45dda1b3ff70a479b4f5449b1d5d3cbfc6a239d7',NULL,NULL,'15280705006',NULL,'1bbd886460827015e5d605ed44252251','token152807050067369',NULL,NULL,0,0,NULL,NULL,NULL,NULL,NULL,'2018-08-19 22:51:26',0,NULL),
	(10,0,0,'0x504acdc5721a8f5727e8134f9c0fb4658d7685e8',NULL,NULL,'15280705005',NULL,'1bbd886460827015e5d605ed44252251','token152807050057582',NULL,NULL,0,0,NULL,NULL,NULL,NULL,NULL,'2018-08-20 10:20:31',0,NULL),
	(11,0,0,'0x79d85094bd394f66a683899a32b252392573ea9e',NULL,'slq111','18649738701',NULL,'c683890bddd853417ba6fac6f2de5c4c','token186497387012243',NULL,NULL,0,0,NULL,NULL,NULL,NULL,NULL,'2018-08-20 18:27:14',0,NULL),
	(12,0,0,'0x73a540e235af4d4a13df0682f64efd0ea478a0a1',NULL,'','17878787886',NULL,'1a1ecaf96a656f1e1ce308c94c6cf2ee','token178787878866234',NULL,NULL,0,0,NULL,NULL,NULL,NULL,NULL,'2018-08-20 18:37:00',0,NULL),
	(13,0,0,'0x4e931054cc996e923b9711b8a98dc5a324c3f71a',NULL,'sunhao131452','13801411272',NULL,'6023762bd4fba0fe56770ebfd1db768c','token13801411272973',NULL,NULL,0,0,NULL,NULL,NULL,NULL,NULL,'2018-08-20 18:39:55',0,NULL),
	(14,0,0,'0x29cff31d83b2c1625e720d5e4b85a2a97dd88c53',NULL,'hanhan','13918810885',NULL,'e03252a467f6d6c3a39da2ea20d1a9c8','token139188108856472',NULL,NULL,0,0,NULL,NULL,NULL,NULL,NULL,'2018-08-20 18:40:30',0,NULL),
	(15,0,0,'0xcc4c7ea86144118f9c866f22a9a9d5e7d90d0b83',NULL,'18120569383','18120569383',NULL,'5decafce8eb1487b590dedb2efffbb1b','token181205693837416',NULL,NULL,0,0,NULL,NULL,NULL,NULL,NULL,'2018-08-20 19:08:03',0,NULL),
	(16,0,0,'0xb0137f6897c526b8e4cc22863c6d209f9a571564',NULL,'13303937116','13303937116',NULL,'6191210b0d44d62987b5aebf348fd398','token133039371164189',NULL,NULL,0,0,NULL,NULL,NULL,NULL,NULL,'2018-08-20 19:10:45',0,NULL),
	(17,0,0,'0xe4b96e1dbe0017d27435a38c6c075526293b6dd0',NULL,'15999660881','15999660881',NULL,'01a47e9ffac9b23cfd73007dafad67bf','token159996608811297',NULL,NULL,0,0,NULL,NULL,NULL,NULL,NULL,'2018-08-20 19:39:32',0,NULL),
	(18,0,0,'0x48b3ed396728f7dde12ed547cbdecddc71f24a8e',NULL,'123456','18771684404',NULL,'f9a6ea9396add832741bc2139786debc','token187716844046634',NULL,NULL,0,0,NULL,NULL,NULL,NULL,NULL,'2018-08-20 19:42:42',0,NULL),
	(19,0,0,'0x90516c63383371f2af13cd91f06c81872fd9719e',NULL,'wans','18772118534',NULL,'13c4c1155f77986a0814171827449473','token187721185346115',NULL,NULL,0,0,NULL,NULL,NULL,NULL,NULL,'2018-08-20 22:43:22',0,NULL),
	(20,0,0,'0x46126c412575e60682df1b85c451b6299fdd0ded',NULL,'18114930574','18114930574',NULL,'e86591ec7bb61d99fbe2a86edce21b9b','token18114930574646',NULL,NULL,0,0,NULL,NULL,NULL,NULL,NULL,'2018-08-20 22:57:21',0,NULL),
	(21,0,0,'0x8006f2e1144fad3b2a5c0841fc38da83a6aabdec',NULL,'GoodtianYX','15954688057',NULL,'d7325063ed3760a493c876896af735c4','token159546880572750',NULL,NULL,0,0,NULL,NULL,NULL,NULL,NULL,'2018-08-21 12:10:55',0,NULL),
	(22,0,0,'0x75be8d95dc87d22d0feb42fd445e9f3dd5593ae1',NULL,'18065162448','18065162448',NULL,'467925825bb9214e5bba836b30f42cf6','token180651624484754',NULL,NULL,0,0,NULL,NULL,NULL,NULL,NULL,'2018-08-21 14:51:34',1,'2018-08-27 00:10:58'),
	(23,0,0,'0x889e6e06ad2774d86843b682abbd24b8f1dcd262',NULL,'lucky','18232813132',NULL,'abc46a3f98cf2915d8b7e0dfcf3642de','token18232813132603',NULL,NULL,0,0,NULL,NULL,NULL,NULL,NULL,'2018-08-21 16:20:20',1,'2018-08-27 00:11:28'),
	(24,0,0,'0xe7b0ba198ac5677b94b47a23ae3f3964e9d30491',NULL,'13707228566','13707228566',NULL,'634beda707309181921e9942310042e2','token137072285663167',NULL,NULL,0,0,NULL,NULL,NULL,NULL,NULL,'2018-08-21 16:27:45',0,NULL),
	(25,0,0,'0x4667a4a1970ba5f7ec42284aa14eb75bf82c64b8',NULL,'13538478185','13538478185',NULL,'bc486c77b3f06e356373d09544888c95','token135384781851749',NULL,NULL,0,0,NULL,NULL,NULL,NULL,NULL,'2018-08-21 17:09:28',0,NULL),
	(26,0,0,'0xd1a01781321c8beb1d24d8b3ca22602355bd7aaa',NULL,'13657291002','13657291002',NULL,'34ce426f44211ee5a23d3ec146d08fb0','token136572910026538',NULL,NULL,0,0,NULL,NULL,NULL,NULL,NULL,'2018-08-21 17:11:03',0,NULL),
	(27,0,0,'0x3fe0d9202e0e5c18774d4d45dc68f91c9d7f6d26',NULL,'13545950944','13545950944',NULL,'f15f7e905d5083535213390d5fb13659','token135459509448933',NULL,NULL,0,0,NULL,NULL,NULL,NULL,NULL,'2018-08-21 17:11:14',0,NULL),
	(28,0,0,'0x5136efc6a47926bb930e163e61e9b8b9f3758ba8',NULL,'18271922264','18271922264',NULL,'c6ba6185c3f5f649534e9f7e868b274d','token182719222643961',NULL,NULL,0,0,NULL,NULL,NULL,NULL,NULL,'2018-08-21 17:11:45',0,NULL),
	(29,0,0,'0x2b1099d075407056af9db1e95470515ee6997683',NULL,'15071235717','15071235717',NULL,'9d212709210519c8f94aefb4615eb8a8','token150712357173480',NULL,NULL,0,0,NULL,NULL,NULL,NULL,NULL,'2018-08-21 17:12:34',0,NULL),
	(30,0,0,'0xa3a2a0ed351e742679bd4f7f2579c39986684246',NULL,'winter','15871537043',NULL,'16384de3928d33e32f1d9aeaa300838e','token158715370436438',NULL,NULL,0,0,NULL,NULL,NULL,NULL,NULL,'2018-08-21 17:12:54',0,NULL),
	(31,0,0,'0xbe34a6b35a0a60bf9201c91640f85211ff0b7ed0',NULL,'chenlin8','13476800682',NULL,'5a6b11584f6a56779199e21e631030d1','token134768006826399',NULL,NULL,0,0,NULL,NULL,NULL,NULL,NULL,'2018-08-21 17:13:09',0,NULL),
	(32,0,0,'0xf570e1c8524c18c9bfc9ff1a3274d8be746cde80',NULL,'841911329','13337418899',NULL,'0933cf49883b2281d002a6368d827127','token133374188997231',NULL,NULL,0,0,NULL,NULL,NULL,NULL,NULL,'2018-08-21 17:13:26',0,NULL),
	(33,0,0,'0x5b3472a4a5f1f8f43ff3f4bf24ec336bfc769d93',NULL,'zzb888','15221555998',NULL,'1075904a00fe4d41e99231b202264330','token152215559985335',NULL,NULL,0,0,NULL,NULL,NULL,NULL,NULL,'2018-08-21 17:13:53',0,NULL),
	(34,0,0,'0x50c92b398699ccd6268477359b2ad02c78b52a9a',NULL,'13971189447','13971189447',NULL,'2448ac3d5ffaf9a0b9728971ac7658d3','token139711894477603',NULL,NULL,0,0,NULL,NULL,NULL,NULL,NULL,'2018-08-21 17:17:20',0,NULL),
	(35,0,0,'0x1acfaebf7080598d0f1938affb2c33a3f00abf68',NULL,'15926296008','15926296008',NULL,'ea0fc30ce451174eb87e1a62fb130f50','token15926296008263',NULL,NULL,0,0,NULL,NULL,NULL,NULL,NULL,'2018-08-21 17:24:01',0,NULL),
	(36,0,0,'0xe173d9ec988ea188c3d0400ce00d700eb0b57127',NULL,'hbxfsllmj','18571731123',NULL,'b5f4540d007caf98f8ffdcc33e23e23a','token185717311238847',NULL,NULL,0,0,NULL,NULL,NULL,NULL,NULL,'2018-08-21 17:48:37',0,NULL),
	(37,0,0,'0xb2e73cbf356e11ce0883d9f52ae8dc9937eb8036',NULL,'zld555','17786125541',NULL,'d0f4d3f623f038f145af82c52f627606','token177861255417443',NULL,NULL,0,0,NULL,NULL,NULL,NULL,NULL,'2018-08-21 17:54:35',0,NULL),
	(38,0,0,'0x73e1fe927efb415512756e71efccbd7834ec110f',NULL,'13790388157','13790388157',NULL,'e9f5c5240c0bb39488e6dbfbdb1517e0','token137903881573242',NULL,NULL,0,0,NULL,NULL,NULL,NULL,NULL,'2018-08-21 19:46:08',0,NULL),
	(39,0,0,'0x45b0fb04e48d675858c6794f754e2e7e1c13e7b2',NULL,'18659786555','18659786555',NULL,'331eb34775ecb7b44930d10d473b3c0d','token186597865552615',NULL,NULL,0,0,NULL,NULL,NULL,NULL,NULL,'2018-08-21 20:29:51',0,NULL),
	(40,0,0,'0x3c25cec0862f4592dadaae585ccebd95be50fb23',NULL,'17717095986','17717095986',NULL,'1075904a00fe4d41e99231b202264330','token177170959861',NULL,NULL,0,0,NULL,NULL,NULL,NULL,NULL,'2018-08-22 06:53:23',0,NULL),
	(41,0,0,'0x13a2df115fdf98dd4e604f68fbcff9510290da75',NULL,'13707162722','13707162722',NULL,'1665290c764025b278af539fad32f22e','token137071627224772',NULL,NULL,0,0,NULL,NULL,NULL,NULL,NULL,'2018-08-22 17:11:43',0,NULL),
	(42,0,0,'0x4e8ced049c2eb10dbea9a76e3b3f364248c8b801',NULL,'15307180111','15307180111',NULL,'25d55ad283aa400af464c76d713c07ad','token153071801114595',NULL,NULL,0,0,NULL,NULL,NULL,NULL,NULL,'2018-08-23 00:14:17',0,NULL),
	(43,0,0,'0xe9f511f982349b396e2dbc4c8559ae7278fd5204',NULL,'1111','15280705002',NULL,'1bbd886460827015e5d605ed44252251','token152807050029530',NULL,NULL,0,0,NULL,NULL,NULL,NULL,NULL,'2018-08-23 10:38:37',0,NULL),
	(44,0,0,'0x0a21721885b695c1d9620ac66f59e70da9deaadb',NULL,'1123','15280705111',NULL,'1bbd886460827015e5d605ed44252251','token152807051118440',NULL,NULL,0,0,NULL,NULL,NULL,NULL,NULL,'2018-08-23 10:40:34',0,NULL),
	(45,0,0,'0x4bf5bb3a055776f1f433f8fa7b3cf08cef97a23c',NULL,'one','18600638082',NULL,'a93516a6dbb3490dd0ea5f87bb0c8d66','token186006380822553',NULL,NULL,0,0,NULL,NULL,NULL,NULL,NULL,'2018-08-23 12:44:49',0,NULL),
	(46,31,0,'0x4c90d38801b2fd45c6d027c2f0cbd918a4d3e0e0',NULL,'15972936813','15972936813',NULL,'a1b5e18b04f8209dddb01b22608b2c64','token159729368133429',NULL,NULL,0,0,NULL,NULL,NULL,NULL,NULL,'2018-08-23 13:04:23',0,NULL),
	(47,0,0,'0xa9724730a53edf853923ad82111112263f72a338',NULL,'15827195493','15827195493',NULL,'0c5f63ffe8cdad33da15c378ace3fac9','token158271954938192',NULL,NULL,0,0,NULL,NULL,NULL,NULL,NULL,'2018-08-23 13:34:28',0,NULL),
	(48,0,0,'0xda6aa0e3516c62e7a7129281e7d0b54ccbeb1b56',NULL,'hg1277','13100621277',NULL,'d18ac48f7d74ec042d51de6cfc7051a9','token131006212772892',NULL,NULL,0,0,NULL,NULL,NULL,NULL,NULL,'2018-08-23 14:00:22',0,NULL),
	(49,0,0,'0x7c4a009fff1cd32ef9f47519edc24cdb9d4f1b69',NULL,'13510293665','13510293665',NULL,'709de75548a646b6f71949e9e00e42af','token135102936652955',NULL,NULL,0,0,NULL,NULL,NULL,NULL,NULL,'2018-08-23 16:22:13',0,NULL),
	(50,0,0,'0xe652bde1491608113870ae88f70f0bd58d3ca893',NULL,'13774579996','13774579996',NULL,'56d2dd2bbd28601aa362811102c4d314','token137745799965355',NULL,NULL,0,0,NULL,NULL,NULL,NULL,NULL,'2018-08-23 19:14:39',0,NULL),
	(51,0,0,'0x8f80e6d639d16eb92979ba01d97a306dd5677213',NULL,'Hugh','18872488497',NULL,'56977ca0eb6167a61de546a53edd6561','token188724884973453',NULL,NULL,0,0,NULL,NULL,NULL,NULL,NULL,'2018-08-24 21:08:28',0,NULL),
	(52,0,0,'0xb704719bede634472ad1f0a0ffa163139a839be7',NULL,'lc','13912167561',NULL,'877e8dd508fa6010eb9153aaf3d032a7','token139121675613654',NULL,NULL,0,0,NULL,NULL,NULL,NULL,NULL,'2018-08-26 13:12:56',0,NULL),
	(53,4,0,'0x75e6421b4ae10ff0db5a9141f05eead705aece68',NULL,'test2','18060595202',NULL,'c683890bddd853417ba6fac6f2de5c4c','token180605952024025',NULL,NULL,0,0,NULL,NULL,NULL,NULL,NULL,'2018-08-27 10:04:46',0,NULL),
	(54,19,0,'0x8deab99e5a94910243d3041b762a305dfb0126f1',NULL,'user','17607175203',NULL,'ea99d07d6ccbcf7ed05fec3909b0d071','token176071752038329',NULL,NULL,0,0,NULL,NULL,NULL,NULL,NULL,'2018-08-27 10:26:40',0,NULL),
	(55,54,0,'0x2ffe0cb2e6f6fa80fc57af58648363d59d8ff179',NULL,'DDQ','13456103867',NULL,'f0d173ea108ca9520a3f21a47223ffbc','token134561038679633',NULL,NULL,0,0,NULL,NULL,NULL,NULL,NULL,'2018-08-27 12:18:17',0,NULL),
	(56,32,0,'0xe08af55111840175829fc9d9617b63caf9b5220d',NULL,'liuwenjun','13476722123',NULL,'a1846e95231b0f0e6c6922af23ec1e62','token134767221235883',NULL,NULL,0,0,NULL,NULL,NULL,NULL,NULL,'2018-08-27 14:30:00',0,NULL),
	(57,0,0,'0xd0cfdfc574c4f000c92881d3a7c25e2f35d2865c',NULL,'Lucia','18898495736',NULL,'b7f740edc44e33e7a51d50e7d8dec001','token188984957362662',NULL,NULL,0,0,NULL,NULL,NULL,NULL,NULL,'2018-08-27 16:46:06',0,NULL),
	(58,0,0,'0xb7bba1202aa3958779f8b88f25fa11cf8c73bbf3',NULL,'123456','13107670001',NULL,'3fc0a7acf087f549ac2b266baf94b8b1','token131076700016704',NULL,NULL,0,0,NULL,NULL,NULL,NULL,NULL,'2018-08-27 17:43:41',0,NULL);

/*!40000 ALTER TABLE `tp_member_account` ENABLE KEYS */;
UNLOCK TABLES;


# Dump of table tp_member_address
# ------------------------------------------------------------

DROP TABLE IF EXISTS `tp_member_address`;

CREATE TABLE `tp_member_address` (
  `id` int(11) unsigned NOT NULL AUTO_INCREMENT,
  `user_id` int(11) unsigned NOT NULL,
  `name` varchar(50) NOT NULL,
  `address` varchar(255) NOT NULL COMMENT '地址',
  `remark` varchar(255) DEFAULT NULL,
  `update_time` datetime NOT NULL,
  PRIMARY KEY (`id`)
) ENGINE=InnoDB DEFAULT CHARSET=utf8 ROW_FORMAT=COMPACT COMMENT='用户地址本表';

LOCK TABLES `tp_member_address` WRITE;
/*!40000 ALTER TABLE `tp_member_address` DISABLE KEYS */;

INSERT INTO `tp_member_address` (`id`, `user_id`, `name`, `address`, `remark`, `update_time`)
VALUES
	(4,1,'add','0x41b22eE6EE178958C4dca7eEf2ddf377B99c31A9','add1','2018-06-19 16:32:52');

/*!40000 ALTER TABLE `tp_member_address` ENABLE KEYS */;
UNLOCK TABLES;


# Dump of table tp_member_balance
# ------------------------------------------------------------

DROP TABLE IF EXISTS `tp_member_balance`;

CREATE TABLE `tp_member_balance` (
  `id` int(11) unsigned NOT NULL AUTO_INCREMENT,
  `user_id` int(11) unsigned NOT NULL COMMENT '用户id',
  `coin_id` int(11) unsigned NOT NULL COMMENT '币种id',
  `amount` decimal(18,8) unsigned DEFAULT '0.00000000' COMMENT '数量',
  `before_amount` decimal(18,8) unsigned DEFAULT '0.00000000' COMMENT '更新前数量',
  `total_amount` decimal(18,8) unsigned DEFAULT '0.00000000' COMMENT '获得总数',
  `otc_frozen_amount` decimal(18,8) unsigned DEFAULT '0.00000000' COMMENT 'otc交易冻结金额',
  `withdraw_frozen_amount` decimal(18,8) unsigned DEFAULT '0.00000000' COMMENT '提现冻结金额',
  `update_time` datetime NOT NULL COMMENT '更新时间',
  PRIMARY KEY (`id`)
) ENGINE=InnoDB DEFAULT CHARSET=utf8 ROW_FORMAT=COMPACT COMMENT='用户资产主表';

LOCK TABLES `tp_member_balance` WRITE;
/*!40000 ALTER TABLE `tp_member_balance` DISABLE KEYS */;

INSERT INTO `tp_member_balance` (`id`, `user_id`, `coin_id`, `amount`, `before_amount`, `total_amount`, `otc_frozen_amount`, `withdraw_frozen_amount`, `update_time`)
VALUES
	(2,2,1,1704.13800000,1693.13800000,2122.00000000,0.00000000,0.00000000,'2018-08-27 17:40:15'),
	(3,3,1,1021.72506127,1021.72606127,1022.91306127,0.00000000,0.00000000,'2018-08-20 16:58:01'),
	(4,4,1,9973760.32736460,9973759.96497870,10000274.60836400,0.00000000,0.00000000,'2018-08-28 10:16:01'),
	(5,1,1,431.60046503,428.15779915,1233.66446503,14.70000000,0.00000000,'2018-08-28 10:16:01'),
	(7,34,1,200.00000000,100.00000000,200.00000000,0.00000000,0.00000000,'2018-08-23 16:13:43'),
	(8,1,100,0.00000000,0.00000000,0.00000000,0.00000000,0.00000000,'2018-08-23 16:36:53'),
	(9,1,100,0.00000000,0.00000000,0.00000000,0.00000000,0.00000000,'2018-08-23 16:36:53'),
	(10,34,100,0.00000000,0.00000000,0.00000000,0.00000000,0.00000000,'2018-08-23 16:36:53'),
	(11,34,100,1.00000000,0.00000000,1.00000000,0.00000000,0.00000000,'2018-08-23 16:36:53'),
	(12,12,1,0.00000000,0.00000000,0.00000000,0.00000000,0.00000000,'2018-08-23 16:57:29'),
	(13,15,1,0.00000000,0.00000000,0.00000000,0.00000000,0.00000000,'2018-08-23 17:44:03'),
	(14,35,1,0.00000000,0.00000000,0.00000000,0.00000000,0.00000000,'2018-08-23 18:05:14'),
	(15,13,1,0.00000000,0.00000000,0.00000000,0.00000000,0.00000000,'2018-08-23 18:38:19'),
	(16,17,1,0.00000000,0.00000000,0.00000000,0.00000000,0.00000000,'2018-08-23 18:52:19'),
	(17,16,1,0.00000000,0.00000000,0.00000000,0.00000000,0.00000000,'2018-08-23 19:13:04'),
	(18,50,1,0.00000000,0.00000000,0.00000000,0.00000000,0.00000000,'2018-08-23 19:14:54'),
	(19,50,1,0.00000000,0.00000000,0.00000000,0.00000000,0.00000000,'2018-08-23 19:14:54'),
	(20,19,1,0.00000000,0.00000000,0.00000000,0.00000000,0.00000000,'2018-08-23 20:40:23'),
	(21,33,1,0.00000000,0.00000000,0.00000000,0.00000000,0.00000000,'2018-08-23 20:58:00'),
	(22,25,1,0.00000000,0.00000000,0.00000000,0.00000000,0.00000000,'2018-08-23 23:16:48'),
	(23,5,1,0.00000000,0.00000000,0.00000000,0.00000000,0.00000000,'2018-08-24 11:39:07'),
	(24,23,1,0.00000000,0.00000000,0.00000000,0.00000000,0.00000000,'2018-08-24 13:31:06'),
	(25,30,1,0.00000000,0.00000000,0.00000000,0.00000000,0.00000000,'2018-08-24 14:43:08'),
	(26,29,1,0.00000000,0.00000000,0.00000000,0.00000000,0.00000000,'2018-08-24 14:43:25'),
	(27,18,1,0.00000000,0.00000000,0.00000000,0.00000000,0.00000000,'2018-08-24 14:44:41'),
	(28,26,1,0.00000000,0.00000000,0.00000000,0.00000000,0.00000000,'2018-08-24 14:57:05'),
	(29,32,1,0.00000000,0.00000000,0.00000000,0.00000000,0.00000000,'2018-08-24 14:57:06'),
	(30,28,1,0.00000000,0.00000000,0.00000000,0.00000000,0.00000000,'2018-08-24 14:57:55'),
	(31,27,1,0.00000000,0.00000000,0.00000000,0.00000000,0.00000000,'2018-08-24 15:01:05'),
	(32,14,1,0.00000000,0.00000000,0.00000000,0.00000000,0.00000000,'2018-08-24 16:13:59'),
	(33,46,1,0.00000000,0.00000000,0.00000000,0.00000000,0.00000000,'2018-08-24 17:57:50'),
	(34,51,1,0.00000000,0.00000000,0.00000000,0.00000000,0.00000000,'2018-08-24 21:08:43'),
	(35,37,1,0.00000000,0.00000000,0.00000000,0.00000000,0.00000000,'2018-08-25 00:25:33'),
	(36,22,1,0.00000000,0.00000000,0.00000000,0.00000000,0.00000000,'2018-08-25 13:28:22'),
	(37,21,1,0.00000000,0.00000000,0.00000000,0.00000000,0.00000000,'2018-08-26 10:53:04'),
	(38,52,1,0.00000000,0.00000000,0.00000000,0.00000000,0.00000000,'2018-08-26 13:13:10'),
	(39,54,1,0.00000000,0.00000000,0.00000000,0.00000000,0.00000000,'2018-08-27 10:27:02'),
	(40,56,1,0.00000000,0.00000000,0.00000000,0.00000000,0.00000000,'2018-08-27 14:30:21'),
	(41,6,1,1.00000000,0.00000000,1.00000000,0.00000000,0.00000000,'2018-08-27 15:26:24'),
	(42,57,1,0.00000000,0.00000000,0.00000000,0.00000000,0.00000000,'2018-08-27 16:46:25'),
	(43,58,1,1031.76241176,1031.33100000,1156.85141176,0.00000000,0.00000000,'2018-08-28 10:15:01');

/*!40000 ALTER TABLE `tp_member_balance` ENABLE KEYS */;
UNLOCK TABLES;


# Dump of table tp_member_level_config
# ------------------------------------------------------------

DROP TABLE IF EXISTS `tp_member_level_config`;

CREATE TABLE `tp_member_level_config` (
  `id` int(11) unsigned NOT NULL AUTO_INCREMENT,
  `level_name` varchar(255) NOT NULL COMMENT '等级名称',
  `is_default` tinyint(1) DEFAULT '0' COMMENT '1=默认等级  0 = 自定义等级',
  `score_total` decimal(18,8) unsigned NOT NULL DEFAULT '0.00000000' COMMENT '所需的积分',
  PRIMARY KEY (`id`)
) ENGINE=InnoDB DEFAULT CHARSET=utf8 ROW_FORMAT=DYNAMIC COMMENT='会员等级表';

LOCK TABLES `tp_member_level_config` WRITE;
/*!40000 ALTER TABLE `tp_member_level_config` DISABLE KEYS */;

INSERT INTO `tp_member_level_config` (`id`, `level_name`, `is_default`, `score_total`)
VALUES
	(1,'默认等级',1,0.00000000);

/*!40000 ALTER TABLE `tp_member_level_config` ENABLE KEYS */;
UNLOCK TABLES;


# Dump of table tp_member_miner
# ------------------------------------------------------------

DROP TABLE IF EXISTS `tp_member_miner`;

CREATE TABLE `tp_member_miner` (
  `id` int(11) unsigned NOT NULL AUTO_INCREMENT,
  `user_id` int(11) unsigned NOT NULL COMMENT '用户id',
  `miner_id` int(10) unsigned NOT NULL COMMENT '矿机id',
  `is_default` tinyint(1) unsigned NOT NULL DEFAULT '0' COMMENT '是否为默认矿机',
  `total_stock` decimal(18,8) unsigned NOT NULL DEFAULT '0.00000000' COMMENT '矿机总量',
  `stock` decimal(18,8) unsigned NOT NULL DEFAULT '0.00000000' COMMENT '余量',
  `before_stock` decimal(18,8) unsigned NOT NULL DEFAULT '0.00000000' COMMENT '更新前余量',
  `update_time` datetime NOT NULL,
  PRIMARY KEY (`id`)
) ENGINE=InnoDB DEFAULT CHARSET=utf8 ROW_FORMAT=DYNAMIC COMMENT='用户矿机表';



# Dump of table tp_member_pay_config
# ------------------------------------------------------------

DROP TABLE IF EXISTS `tp_member_pay_config`;

CREATE TABLE `tp_member_pay_config` (
  `id` int(11) unsigned NOT NULL AUTO_INCREMENT,
  `user_id` int(11) unsigned NOT NULL,
  `type` tinyint(1) NOT NULL DEFAULT '0' COMMENT '支付类型 1=微信，2=支付宝，3=银行卡',
  `account` varchar(255) NOT NULL,
  `name` varchar(20) DEFAULT NULL COMMENT '姓名',
  `qrcode` varchar(255) DEFAULT NULL COMMENT '二维码',
  `bank_address` varchar(255) DEFAULT NULL COMMENT '开户行',
  `update_time` datetime NOT NULL COMMENT '更新时间',
  PRIMARY KEY (`id`)
) ENGINE=InnoDB DEFAULT CHARSET=utf8 ROW_FORMAT=DYNAMIC;

LOCK TABLES `tp_member_pay_config` WRITE;
/*!40000 ALTER TABLE `tp_member_pay_config` DISABLE KEYS */;

INSERT INTO `tp_member_pay_config` (`id`, `user_id`, `type`, `account`, `name`, `qrcode`, `bank_address`, `update_time`)
VALUES
	(81,4,2,'1111',NULL,NULL,NULL,'2018-08-24 09:53:01'),
	(82,1,3,'123123123','123123',NULL,'123123','2018-08-24 10:07:13');

/*!40000 ALTER TABLE `tp_member_pay_config` ENABLE KEYS */;
UNLOCK TABLES;


# Dump of table tp_member_product
# ------------------------------------------------------------

DROP TABLE IF EXISTS `tp_member_product`;

CREATE TABLE `tp_member_product` (
  `id` int(11) unsigned NOT NULL AUTO_INCREMENT,
  `user_id` int(11) NOT NULL,
  `plan_id` int(11) unsigned NOT NULL COMMENT '所选理财方案',
  `coin_id` int(11) NOT NULL,
  `status` tinyint(1) unsigned DEFAULT '0' COMMENT '0=未结算，1=已结算',
  `rate` decimal(5,2) NOT NULL DEFAULT '0.00' COMMENT '利率%',
  `amount` decimal(18,8) unsigned NOT NULL COMMENT '投资金额',
  `end_rate_date` date NOT NULL COMMENT '到期日',
  `start_rate_date` date NOT NULL COMMENT '起息日',
  `add_time` datetime NOT NULL,
  PRIMARY KEY (`id`)
) ENGINE=InnoDB DEFAULT CHARSET=utf8 ROW_FORMAT=COMPACT COMMENT='用户理财产品表';



# Dump of table tp_miner_conf
# ------------------------------------------------------------

DROP TABLE IF EXISTS `tp_miner_conf`;

CREATE TABLE `tp_miner_conf` (
  `id` int(11) unsigned NOT NULL AUTO_INCREMENT,
  `is_default` tinyint(1) unsigned DEFAULT '0' COMMENT '是否为默认：0=否，1=是',
  `name` varchar(30) NOT NULL COMMENT '矿机名称',
  `price` decimal(12,2) NOT NULL COMMENT '矿机价格',
  `total_yield` decimal(18,8) NOT NULL COMMENT '总产量',
  `daily_yield` decimal(18,8) NOT NULL COMMENT '每日产量',
  `need_miner` smallint(6) NOT NULL COMMENT '加速所需矿工数',
  `pic` varchar(255) DEFAULT NULL COMMENT '矿机图片',
  `update_time` datetime NOT NULL,
  PRIMARY KEY (`id`)
) ENGINE=InnoDB DEFAULT CHARSET=utf8 ROW_FORMAT=DYNAMIC COMMENT='矿机表';



# Dump of table tp_minerpool_conf
# ------------------------------------------------------------

DROP TABLE IF EXISTS `tp_minerpool_conf`;

CREATE TABLE `tp_minerpool_conf` (
  `id` int(11) unsigned NOT NULL AUTO_INCREMENT,
  `name` varchar(50) NOT NULL COMMENT '字段名称',
  `control_type` varchar(20) NOT NULL COMMENT '控件类型',
  `filed` varchar(20) NOT NULL COMMENT '字段',
  `parameter_val` varchar(255) DEFAULT '' COMMENT '键值',
  `order_index` smallint(6) DEFAULT '0' COMMENT '排序',
  PRIMARY KEY (`id`)
) ENGINE=InnoDB DEFAULT CHARSET=utf8 ROW_FORMAT=DYNAMIC COMMENT='矿场配置';

LOCK TABLES `tp_minerpool_conf` WRITE;
/*!40000 ALTER TABLE `tp_minerpool_conf` DISABLE KEYS */;

INSERT INTO `tp_minerpool_conf` (`id`, `name`, `control_type`, `filed`, `parameter_val`, `order_index`)
VALUES
	(1,'矿机上限','number','machine_limit','5',0),
	(2,'矿场图片','img','pool_image','',0);

/*!40000 ALTER TABLE `tp_minerpool_conf` ENABLE KEYS */;
UNLOCK TABLES;


# Dump of table tp_otc_order
# ------------------------------------------------------------

DROP TABLE IF EXISTS `tp_otc_order`;

CREATE TABLE `tp_otc_order` (
  `id` int(10) unsigned NOT NULL AUTO_INCREMENT,
  `user_id` int(11) unsigned NOT NULL,
  `buy_user_id` int(10) unsigned DEFAULT '0' COMMENT '下单用户id\n',
  `coin_id` int(11) NOT NULL COMMENT '币种id',
  `type` tinyint(1) unsigned DEFAULT '0' COMMENT '交易类型，0=卖出，1=买入\n',
  `pay_type` tinyint(1) unsigned DEFAULT '0' COMMENT '支付类型 1=微信，2=支付宝，3=银行卡\n',
  `pay_detail_json` varchar(2000) DEFAULT NULL COMMENT '支付信息json',
  `status` tinyint(1) DEFAULT '0' COMMENT '订单状态:-1=撤单，0=未成交，2=已匹配（委托买单，卖方下单需填写收款地址），3=待确认 ，4=已完成',
  `price` decimal(12,2) unsigned NOT NULL DEFAULT '0.00' COMMENT '单价\n',
  `amount` decimal(17,7) unsigned NOT NULL DEFAULT '0.0000000' COMMENT '交易数量',
  `tax_amount` decimal(17,7) unsigned DEFAULT '0.0000000' COMMENT '手续费个数\n',
  `total_amount` decimal(17,7) unsigned NOT NULL DEFAULT '0.0000000' COMMENT '总额 手续费+交易总金额',
  `pay_amount` decimal(17,7) unsigned NOT NULL DEFAULT '0.0000000' COMMENT '成交额',
  `pic` varchar(255) DEFAULT NULL COMMENT '打款凭证',
  `remark` varchar(2000) DEFAULT NULL COMMENT '备注',
  `add_time` datetime NOT NULL COMMENT '添加时间\n',
  `deal_time` datetime DEFAULT NULL COMMENT '匹配完成时间',
  `update_time` datetime DEFAULT NULL COMMENT '更新时间\n',
  PRIMARY KEY (`id`)
) ENGINE=InnoDB DEFAULT CHARSET=utf8 ROW_FORMAT=DYNAMIC COMMENT='otc交易表';

LOCK TABLES `tp_otc_order` WRITE;
/*!40000 ALTER TABLE `tp_otc_order` DISABLE KEYS */;

INSERT INTO `tp_otc_order` (`id`, `user_id`, `buy_user_id`, `coin_id`, `type`, `pay_type`, `pay_detail_json`, `status`, `price`, `amount`, `tax_amount`, `total_amount`, `pay_amount`, `pic`, `remark`, `add_time`, `deal_time`, `update_time`)
VALUES
	(1,1,0,1,0,3,'[{\"id\":82,\"user_id\":1,\"type\":3,\"account\":\"123123123\",\"name\":\"123123\",\"qrcode\":null,\"bank_address\":\"123123\",\"update_time\":\"2018-08-24 10:07:13\"}]',0,2056.32,1.0000000,0.0500000,1.0500000,2056.3205600,NULL,'','2018-08-24 10:07:29',NULL,NULL),
	(2,5,0,1,0,3,'[{\"id\":82,\"user_id\":1,\"type\":3,\"account\":\"123123123\",\"name\":\"123123\",\"qrcode\":null,\"bank_address\":\"123123\",\"update_time\":\"2018-08-24 10:07:13\"}]',0,2056.32,1.0000000,0.0500000,1.0500000,2056.3205600,NULL,'','2018-08-24 10:07:29',NULL,NULL),
	(3,1,0,1,0,3,'[{\"id\":82,\"user_id\":1,\"type\":3,\"account\":\"123123123\",\"name\":\"123123\",\"qrcode\":null,\"bank_address\":\"123123\",\"update_time\":\"2018-08-24 10:07:13\"}]',0,23.00,1.0000000,0.0500000,1.0500000,23.0000000,NULL,'','2018-08-27 17:32:19',NULL,NULL),
	(4,1,0,1,0,3,'[{\"id\":82,\"user_id\":1,\"type\":3,\"account\":\"123123123\",\"name\":\"123123\",\"qrcode\":null,\"bank_address\":\"123123\",\"update_time\":\"2018-08-24 10:07:13\"}]',0,1.00,11.0000000,0.5500000,11.5500000,11.0000000,NULL,'','2018-08-27 17:32:36',NULL,NULL);

/*!40000 ALTER TABLE `tp_otc_order` ENABLE KEYS */;
UNLOCK TABLES;


# Dump of table tp_private_placement_conf
# ------------------------------------------------------------

DROP TABLE IF EXISTS `tp_private_placement_conf`;

CREATE TABLE `tp_private_placement_conf` (
  `id` int(11) unsigned NOT NULL AUTO_INCREMENT,
  `pay_type` tinyint(1) NOT NULL COMMENT '收款方式：0=微信，1=支付宝，2=银行，3=ETH地址',
  `account` varchar(255) NOT NULL COMMENT '收款账号',
  `open_bank` varchar(255) DEFAULT NULL COMMENT '开户行',
  `real_name` varchar(50) DEFAULT NULL COMMENT '姓名（银行）',
  `qrcode_img` varchar(255) DEFAULT NULL COMMENT '二维码图片地址',
  `update_time` datetime NOT NULL,
  PRIMARY KEY (`id`)
) ENGINE=MyISAM DEFAULT CHARSET=utf8 ROW_FORMAT=DYNAMIC COMMENT='私募参数配置表';



# Dump of table tp_private_placement_rule
# ------------------------------------------------------------

DROP TABLE IF EXISTS `tp_private_placement_rule`;

CREATE TABLE `tp_private_placement_rule` (
  `id` int(11) NOT NULL AUTO_INCREMENT,
  `gross` decimal(18,8) DEFAULT NULL COMMENT '私募数量',
  `name` varchar(50) DEFAULT NULL COMMENT '名称',
  `user_limit` int(11) DEFAULT NULL COMMENT '用户限购次数',
  `price` decimal(18,2) DEFAULT NULL COMMENT '单价',
  `min_num` decimal(18,8) DEFAULT NULL COMMENT '最小数量',
  `max_num` decimal(18,8) DEFAULT NULL COMMENT '最大数量',
  `begin_date` date DEFAULT NULL COMMENT '开始时间',
  `end_date` date DEFAULT NULL COMMENT '结束时间',
  `currency_type` tinyint(1) DEFAULT NULL COMMENT '币种类型：0=RMB，1=ETH',
  `rate` decimal(10,2) DEFAULT NULL COMMENT '比率',
  `status` tinyint(1) DEFAULT '0' COMMENT '状态：0=未开始，1=进行中，2=已结束',
  `update_time` datetime NOT NULL,
  PRIMARY KEY (`id`)
) ENGINE=MyISAM DEFAULT CHARSET=utf8 ROW_FORMAT=DYNAMIC COMMENT='私募规则表';



# Dump of table tp_product
# ------------------------------------------------------------

DROP TABLE IF EXISTS `tp_product`;

CREATE TABLE `tp_product` (
  `id` int(11) unsigned NOT NULL AUTO_INCREMENT,
  `title` varchar(255) NOT NULL,
  `coin_id` int(10) unsigned NOT NULL COMMENT '币种',
  `duration` smallint(6) unsigned NOT NULL COMMENT '时长',
  `start_rate_date` date NOT NULL COMMENT '起息日',
  `end_rate_date` date NOT NULL COMMENT '到期日',
  `min` decimal(18,8) unsigned NOT NULL COMMENT '最低投额',
  `max` decimal(18,8) unsigned NOT NULL COMMENT '最大投保',
  `rate` decimal(5,2) unsigned NOT NULL COMMENT '总利率',
  `start_date` date NOT NULL,
  `end_date` date NOT NULL,
  `total_stock` int(10) unsigned NOT NULL,
  `stock` int(10) unsigned NOT NULL DEFAULT '0' COMMENT '库存',
  `update_time` datetime NOT NULL,
  PRIMARY KEY (`id`)
) ENGINE=InnoDB DEFAULT CHARSET=utf8 ROW_FORMAT=COMPACT COMMENT='理财表';

LOCK TABLES `tp_product` WRITE;
/*!40000 ALTER TABLE `tp_product` DISABLE KEYS */;

INSERT INTO `tp_product` (`id`, `title`, `coin_id`, `duration`, `start_rate_date`, `end_rate_date`, `min`, `max`, `rate`, `start_date`, `end_date`, `total_stock`, `stock`, `update_time`)
VALUES
	(5,'新人10天理财',1,10,'2018-08-08','2018-08-18',1.00000000,10.00000000,10.00,'2018-07-31','2018-08-07',100,100,'2018-07-31 15:16:39');

/*!40000 ALTER TABLE `tp_product` ENABLE KEYS */;
UNLOCK TABLES;


# Dump of table tp_record_conf
# ------------------------------------------------------------

DROP TABLE IF EXISTS `tp_record_conf`;

CREATE TABLE `tp_record_conf` (
  `type_id` int(11) NOT NULL DEFAULT '0' COMMENT '类型值',
  `type_name` varchar(255) DEFAULT NULL COMMENT '类型名称',
  PRIMARY KEY (`type_id`),
  UNIQUE KEY `type_id` (`type_id`)
) ENGINE=InnoDB DEFAULT CHARSET=utf8;

LOCK TABLES `tp_record_conf` WRITE;
/*!40000 ALTER TABLE `tp_record_conf` DISABLE KEYS */;

INSERT INTO `tp_record_conf` (`type_id`, `type_name`)
VALUES
	(1,'OTC交易'),
	(2,'外网转入'),
	(3,'提现转出'),
	(4,'购买理财'),
	(5,'购买矿机'),
	(6,'后台拨币'),
	(7,'私募可用'),
	(8,'私募冻结释放'),
	(9,'交易退回'),
	(10,'购买F3d'),
	(11,'购买Token'),
	(12,'卖出Token'),
	(13,'转账'),
	(14,'提现'),
	(15,'收款');

/*!40000 ALTER TABLE `tp_record_conf` ENABLE KEYS */;
UNLOCK TABLES;


# Dump of table tp_resources
# ------------------------------------------------------------

DROP TABLE IF EXISTS `tp_resources`;

CREATE TABLE `tp_resources` (
  `id` int(11) unsigned NOT NULL AUTO_INCREMENT,
  `res_type` tinyint(1) NOT NULL DEFAULT '1' COMMENT '类型(1=图片,2=语音,3=视频)',
  `file_name` varchar(50) DEFAULT '' COMMENT '文件原名',
  `file_size` varchar(50) DEFAULT '' COMMENT '文件大小',
  `file_path` varchar(255) DEFAULT '' COMMENT '文件路径',
  `new_name` varchar(50) DEFAULT '' COMMENT '存在硬盘上的文件名',
  `folder` varchar(50) DEFAULT '' COMMENT '对应文件夹',
  `update_time` datetime DEFAULT NULL,
  PRIMARY KEY (`id`)
) ENGINE=InnoDB DEFAULT CHARSET=utf8 ROW_FORMAT=COMPACT COMMENT='后台资源表';

LOCK TABLES `tp_resources` WRITE;
/*!40000 ALTER TABLE `tp_resources` DISABLE KEYS */;

INSERT INTO `tp_resources` (`id`, `res_type`, `file_name`, `file_size`, `file_path`, `new_name`, `folder`, `update_time`)
VALUES
	(1,1,'eth.jpg','7.18 KB','/uploads/coins/20180611/a30b1b3735d3cb2a5cb80e4dc01a8844.jpg','a30b1b3735d3cb2a5cb80e4dc01a8844.jpg','coins','2018-06-11 12:50:38'),
	(2,1,'eos_28.png','1.26 KB','/uploads/coins/20180611/db5a44d909c094b7c272fff7b061b04e.png','db5a44d909c094b7c272fff7b061b04e.png','coins','2018-06-11 12:51:55'),
	(3,1,'nectar_28.png','1.15 KB','/uploads/coins/20180611/acf7b5ac1ff99d51a526656cb570a7a4.png','acf7b5ac1ff99d51a526656cb570a7a4.png','coins','2018-06-11 12:56:18'),
	(4,1,'ae_coin.png','2.5 KB','/uploads/coins/20180707/858897d08899675f0ef031893a2e3cc5.png','858897d08899675f0ef031893a2e3cc5.png','coins','2018-07-07 11:24:59'),
	(5,1,'bnt_coin.png','2.95 KB','/uploads/coins/20180707/d37d22c9d43fee193e14b7c9dd9a8275.png','d37d22c9d43fee193e14b7c9dd9a8275.png','coins','2018-07-07 11:25:18'),
	(6,1,'btm_coin.png','3.9 KB','/uploads/coins/20180707/29c95802dd376c85a0faec463ac5ebc7.png','29c95802dd376c85a0faec463ac5ebc7.png','coins','2018-07-07 11:25:39'),
	(7,1,'knc_coin.png','2.72 KB','/uploads/coins/20180707/0e7dcb2f95dc93a6cb3b69fe3a88630a.png','0e7dcb2f95dc93a6cb3b69fe3a88630a.png','coins','2018-07-07 11:25:39'),
	(8,1,'lrc_coin.png','3.78 KB','/uploads/coins/20180707/0ed387cb2b5451408d13b3f99ccbb7d5.png','0ed387cb2b5451408d13b3f99ccbb7d5.png','coins','2018-07-07 11:25:39'),
	(9,1,'mana_coin.png','4.99 KB','/uploads/coins/20180707/6d7eca89103647884977416a44b8f029.png','6d7eca89103647884977416a44b8f029.png','coins','2018-07-07 11:25:39'),
	(10,1,'omg_coin.png','2.64 KB','/uploads/coins/20180707/a5c1c1da594000e5f0cd77df30579242.png','a5c1c1da594000e5f0cd77df30579242.png','coins','2018-07-07 11:25:40'),
	(11,1,'snt_coin.png','2.02 KB','/uploads/coins/20180707/4cd5e17808bdd36ee7398c188d11f578.png','4cd5e17808bdd36ee7398c188d11f578.png','coins','2018-07-07 11:25:41'),
	(12,1,'storj_coin.png','3.19 KB','/uploads/coins/20180707/65b52e08208df519fc65dc014a191300.png','65b52e08208df519fc65dc014a191300.png','coins','2018-07-07 11:25:41'),
	(13,1,'timg.jpeg','16.76 KB','/uploads/slider/20180727/22f8e946e19efe87a4c17946294832a8.jpeg','22f8e946e19efe87a4c17946294832a8.jpeg','slider','2018-07-27 15:45:09'),
	(14,1,'timg (1).jpeg','68.85 KB','/uploads/slider/20180727/66a1bcc0f57bf78b67be30aaa9e6d709.jpeg','66a1bcc0f57bf78b67be30aaa9e6d709.jpeg','slider','2018-07-27 15:45:22'),
	(15,1,'timg (2).jpeg','16.27 KB','/uploads/slider/20180727/70b79e44231b6e6b4c683bb39011a87f.jpeg','70b79e44231b6e6b4c683bb39011a87f.jpeg','slider','2018-07-27 15:45:39'),
	(16,1,'青龙.png','92.86 KB','/uploads/fomo/20180812/25dd0564a23773d9f8f020650ad25d2f.png','25dd0564a23773d9f8f020650ad25d2f.png','fomo','2018-08-12 23:56:15'),
	(17,1,'baihu .png','89.7 KB','/uploads/fomo/20180812/59f4b05e76f48712fcd334c038d3e94f.png','59f4b05e76f48712fcd334c038d3e94f.png','fomo','2018-08-12 23:56:15'),
	(18,1,'xuanwu.png','84.59 KB','/uploads/fomo/20180812/49670159962ae50ed74dd9adca5bba87.png','49670159962ae50ed74dd9adca5bba87.png','fomo','2018-08-12 23:56:15'),
	(19,1,'zhuque.png','78.41 KB','/uploads/fomo/20180812/3cc26a00cdef6e045ccd672d6cbb8f9a.png','3cc26a00cdef6e045ccd672d6cbb8f9a.png','fomo','2018-08-12 23:56:15'),
	(20,1,'she.png','165.58 KB','/uploads/fomo/20180817/f06e0f41c6d4d183825d78d1ec34a591.png','f06e0f41c6d4d183825d78d1ec34a591.png','fomo','2018-08-17 15:24:31'),
	(21,1,'niu.png','88.62 KB','/uploads/fomo/20180817/93ddda4784485b9c1e9efb89dd3ccca7.png','93ddda4784485b9c1e9efb89dd3ccca7.png','fomo','2018-08-17 15:24:38'),
	(22,1,'xiong.png','97.59 KB','/uploads/fomo/20180817/6743cc66dbe7c56192c1e27edfa7605b.png','6743cc66dbe7c56192c1e27edfa7605b.png','fomo','2018-08-17 15:24:44'),
	(23,1,'lingdui.png','123.78 KB','/uploads/fomo/20180817/97619efc7da28d49d481965793a16361.png','97619efc7da28d49d481965793a16361.png','fomo','2018-08-17 15:24:51'),
	(25,1,'51.png','64.92 KB','/uploads/fomo/20180822/2ddf6294e38a41d96a93d77b7808bdec.png','2ddf6294e38a41d96a93d77b7808bdec.png','fomo','2018-08-22 22:35:06'),
	(27,1,'52.png','63.11 KB','/uploads/fomo/20180822/ddb5de0045e413ef5c9d7f34ef2504db.png','ddb5de0045e413ef5c9d7f34ef2504db.png','fomo','2018-08-22 23:22:22'),
	(28,1,'53.png','68.36 KB','/uploads/fomo/20180822/450a78a76211104cf00dde18207aa3f8.png','450a78a76211104cf00dde18207aa3f8.png','fomo','2018-08-22 23:24:51'),
	(29,1,'54.png','59.12 KB','/uploads/fomo/20180822/569edd6557446112e158abf1a62318b2.png','569edd6557446112e158abf1a62318b2.png','fomo','2018-08-22 23:29:46');

/*!40000 ALTER TABLE `tp_resources` ENABLE KEYS */;
UNLOCK TABLES;


# Dump of table tp_sys_addons
# ------------------------------------------------------------

DROP TABLE IF EXISTS `tp_sys_addons`;

CREATE TABLE `tp_sys_addons` (
  `id` smallint(5) unsigned NOT NULL AUTO_INCREMENT COMMENT '主键',
  `name` varchar(20) NOT NULL DEFAULT '' COMMENT '插件名或标识',
  `title` varchar(20) NOT NULL DEFAULT '' COMMENT '中文名',
  `description` varchar(200) DEFAULT '' COMMENT '插件描述',
  `status` tinyint(1) NOT NULL DEFAULT '1' COMMENT '状态(1=启用,=未启用)',
  `config` varchar(1000) DEFAULT '' COMMENT '配置',
  `create_time` datetime NOT NULL COMMENT '创建时间',
  `type` tinyint(1) DEFAULT '0' COMMENT '插件类型(0=普通插件,1=微信插件)',
  `is_basis` tinyint(1) DEFAULT '0' COMMENT '是否基础功能模块插件(1=是，0=否)',
  `is_module` tinyint(1) DEFAULT '1' COMMENT '是否功能模块插件',
  `order_index` smallint(4) DEFAULT '0',
  PRIMARY KEY (`id`)
) ENGINE=MyISAM DEFAULT CHARSET=utf8 ROW_FORMAT=DYNAMIC COMMENT='系统功能插件';

LOCK TABLES `tp_sys_addons` WRITE;
/*!40000 ALTER TABLE `tp_sys_addons` DISABLE KEYS */;

INSERT INTO `tp_sys_addons` (`id`, `name`, `title`, `description`, `status`, `config`, `create_time`, `type`, `is_basis`, `is_module`, `order_index`)
VALUES
	(1,'resources','资源图片','用于上传选择图片',1,'','2017-04-12 15:56:18',0,0,0,0),
	(2,'uploader','上传文件','上传文件',1,'','2017-04-12 15:56:18',0,0,0,0),
	(3,'map','地图插件','地图相关',1,'','2017-04-12 15:56:18',0,0,0,0),
	(4,'editor','编辑器','用于增强整站长文本的输入和显示',1,'{\"editor_type\":\"2\",\"editor_wysiwyg\":\"2\",\"editor_height\":\"500px\",\"editor_resize_type\":\"1\"}','2017-04-12 15:56:18',0,0,0,0),
	(11,'usercenter','移动端用户中心','移动端用户中心',1,'','2017-04-12 15:56:18',0,0,1,0),
	(16,'jssdk','jssdk','jssdk',1,'','0000-00-00 00:00:00',0,0,1,0);

/*!40000 ALTER TABLE `tp_sys_addons` ENABLE KEYS */;
UNLOCK TABLES;


# Dump of table tp_sys_help
# ------------------------------------------------------------

DROP TABLE IF EXISTS `tp_sys_help`;

CREATE TABLE `tp_sys_help` (
  `id` int(11) unsigned NOT NULL AUTO_INCREMENT,
  `title` varchar(255) COLLATE utf8mb4_unicode_ci NOT NULL DEFAULT '' COMMENT '标题',
  `content` longtext COLLATE utf8mb4_unicode_ci COMMENT 'utf8mb4_unicode_ci',
  `update_time` datetime DEFAULT NULL COMMENT '发布时间',
  `type` tinyint(1) DEFAULT '1' COMMENT '帮助分类：1、商学院 2、游戏规则 3、常见问题',
  PRIMARY KEY (`id`)
) ENGINE=MyISAM DEFAULT CHARSET=utf8mb4 COLLATE=utf8mb4_unicode_ci ROW_FORMAT=DYNAMIC COMMENT='帮助中心表';

LOCK TABLES `tp_sys_help` WRITE;
/*!40000 ALTER TABLE `tp_sys_help` DISABLE KEYS */;

INSERT INTO `tp_sys_help` (`id`, `title`, `content`, `update_time`, `type`)
VALUES
	(1,'帮助中心','<p>帮助中心帮助中心帮助中心帮助中心帮助中心</p><p><img src=\"https://timgsa.baidu.com/timg?image&quality=80&size=b9999_10000&sec=1533282133&di=5f1c42d1db4aa50798b55f26ffef2a86&imgtype=jpg&er=1&src=http%3A%2F%2Fimg.smzy.com%2Fimges%2F2017%2F0602%2F20170602084441705.jpg\"/></p>','2018-07-27 15:42:21',1),
	(2,'test','<p><img src=\"https://timgsa.baidu.com/timg?image&quality=80&size=b9999_10000&sec=1533282133&di=5f1c42d1db4aa50798b55f26ffef2a86&imgtype=jpg&er=1&src=http%3A%2F%2Fimg.smzy.com%2Fimges%2F2017%2F0602%2F20170602084441705.jpg\"/></p>','2018-07-27 15:42:42',1),
	(3,'123123','<p>123333</p>','2018-08-28 10:40:16',3);

/*!40000 ALTER TABLE `tp_sys_help` ENABLE KEYS */;
UNLOCK TABLES;


# Dump of table tp_sys_hooks
# ------------------------------------------------------------

DROP TABLE IF EXISTS `tp_sys_hooks`;

CREATE TABLE `tp_sys_hooks` (
  `id` int(10) unsigned NOT NULL AUTO_INCREMENT COMMENT '主键',
  `name` varchar(40) NOT NULL DEFAULT '' COMMENT '钩子名称',
  `description` varchar(255) NOT NULL COMMENT '描述',
  `type` tinyint(1) unsigned NOT NULL DEFAULT '1' COMMENT '类型',
  `addons` varchar(255) NOT NULL DEFAULT '' COMMENT '钩子挂载的插件 ''，''分割',
  PRIMARY KEY (`id`),
  UNIQUE KEY `搜索索引` (`name`)
) ENGINE=MyISAM DEFAULT CHARSET=utf8 ROW_FORMAT=DYNAMIC COMMENT='系统勾子配置';

LOCK TABLES `tp_sys_hooks` WRITE;
/*!40000 ALTER TABLE `tp_sys_hooks` DISABLE KEYS */;

INSERT INTO `tp_sys_hooks` (`id`, `name`, `description`, `type`, `addons`)
VALUES
	(1,'picResource','打开资源图片',1,'resources'),
	(2,'uploadPIC','上传图片',1,'uploader'),
	(3,'uploadFile','上传文件',1,'uploader'),
	(4,'editor','图文编辑器',1,'editor'),
	(5,'jssdk','微信JSSDK',1,'jssdk'),
	(6,'share','微信分享',1,'jssdk');

/*!40000 ALTER TABLE `tp_sys_hooks` ENABLE KEYS */;
UNLOCK TABLES;


# Dump of table tp_sys_notice
# ------------------------------------------------------------

DROP TABLE IF EXISTS `tp_sys_notice`;

CREATE TABLE `tp_sys_notice` (
  `id` int(11) unsigned NOT NULL AUTO_INCREMENT,
  `title` varchar(50) NOT NULL,
  `content` varchar(2000) NOT NULL,
  `update_time` datetime NOT NULL,
  PRIMARY KEY (`id`)
) ENGINE=MyISAM DEFAULT CHARSET=utf8 ROW_FORMAT=DYNAMIC COMMENT='系统公告表\n';

LOCK TABLES `tp_sys_notice` WRITE;
/*!40000 ALTER TABLE `tp_sys_notice` DISABLE KEYS */;

INSERT INTO `tp_sys_notice` (`id`, `title`, `content`, `update_time`)
VALUES
	(1,'公告1','公告内容','2018-07-27 11:18:33');

/*!40000 ALTER TABLE `tp_sys_notice` ENABLE KEYS */;
UNLOCK TABLES;


# Dump of table tp_sys_parameter
# ------------------------------------------------------------

DROP TABLE IF EXISTS `tp_sys_parameter`;

CREATE TABLE `tp_sys_parameter` (
  `id` smallint(5) unsigned NOT NULL AUTO_INCREMENT,
  `pid` smallint(6) NOT NULL DEFAULT '0' COMMENT '自关联PID',
  `type` tinyint(1) DEFAULT '0' COMMENT '1=邀请规则，2=签到规则',
  `title` varchar(20) NOT NULL DEFAULT '' COMMENT '标题',
  `remark` varchar(50) DEFAULT '' COMMENT '备注信息',
  `field_name` varchar(30) NOT NULL DEFAULT '' COMMENT '字段名称',
  `control_type` varchar(20) DEFAULT '' COMMENT '控件类型(precision:精度)',
  `parameter_val` varchar(60) DEFAULT '' COMMENT '默认值',
  `order_index` smallint(6) DEFAULT '0' COMMENT '排序',
  PRIMARY KEY (`id`)
) ENGINE=MyISAM DEFAULT CHARSET=utf8mb4 ROW_FORMAT=DYNAMIC COMMENT='系统参数控制';

LOCK TABLES `tp_sys_parameter` WRITE;
/*!40000 ALTER TABLE `tp_sys_parameter` DISABLE KEYS */;

INSERT INTO `tp_sys_parameter` (`id`, `pid`, `type`, `title`, `remark`, `field_name`, `control_type`, `parameter_val`, `order_index`)
VALUES
	(1,0,1,'开启认证赠送','是否认证赠送','is_invite_rule','select','0',0),
	(2,0,1,'认证赠送算力','','invite_send','number','40',0),
	(3,0,2,'开启签到奖励','是否开启登陆奖励','is_login_send','select','0',0),
	(4,0,2,'签到赠送算力','','login_send','number','5',0),
	(44,0,3,'总钱包地址','ETH转出地址','out_address','text','0xd09880bBFB3DEA3155a543FB476B0033c37a2797',0),
	(45,0,3,'总钱包密码','ETH转出地址密码','out_password','text','shilinqing407',0),
	(46,0,3,'ETH燃料费','填写计算所用燃料费','gasprice','number','4',0),
	(47,0,3,'ETH燃料上限','填写计算所用燃料上限','gaslimit','number','100000',0),
	(48,0,3,'ETH服务端口','','port','number','8545',0),
	(5,0,4,'开启交易手续费','是否开启手续费','is_tax','select','1',0),
	(6,0,4,'交易手续费比率','%','tax_rate','number','5',0),
	(7,0,5,'开启转账手续费','','is_transfer_tax','select','1',0),
	(8,0,5,'转账手续费','%','transfer_tax','number','5',0),
	(9,0,6,'超时订单冻结','是否开启','is_overtime_frozen','select','1',0),
	(10,0,6,'超时时间','小时','over_hour','number','8',0);

/*!40000 ALTER TABLE `tp_sys_parameter` ENABLE KEYS */;
UNLOCK TABLES;


# Dump of table tp_sys_register_conf
# ------------------------------------------------------------

DROP TABLE IF EXISTS `tp_sys_register_conf`;

CREATE TABLE `tp_sys_register_conf` (
  `id` smallint(5) unsigned NOT NULL AUTO_INCREMENT,
  `type` tinyint(2) NOT NULL DEFAULT '0' COMMENT '字段类型',
  `type_name` varchar(20) NOT NULL DEFAULT '' COMMENT '类型名称',
  `field` varchar(20) DEFAULT NULL COMMENT '字段name',
  `order_index` smallint(5) DEFAULT '0' COMMENT '排序',
  `status` tinyint(1) DEFAULT '1' COMMENT '1=启用,0=未启用',
  PRIMARY KEY (`id`)
) ENGINE=MyISAM DEFAULT CHARSET=utf8 ROW_FORMAT=DYNAMIC COMMENT='注册自定义字段类型';

LOCK TABLES `tp_sys_register_conf` WRITE;
/*!40000 ALTER TABLE `tp_sys_register_conf` DISABLE KEYS */;

INSERT INTO `tp_sys_register_conf` (`id`, `type`, `type_name`, `field`, `order_index`, `status`)
VALUES
	(1,1,'昵称','username',0,0),
	(2,2,'密码','password',0,1),
	(3,3,'手机号码','phone',0,1),
	(4,4,'邮箱','email',0,0),
	(5,5,'交易密码','pay_password',0,0),
	(6,6,'钱包名称','wallet_name',0,0),
	(7,7,'邀请码','invite_code',0,0),
	(8,8,'选区','position',0,0),
	(9,9,'密码提示','pass_notice',0,0),
	(21,10,'手机验证码','verify_code',0,1);

/*!40000 ALTER TABLE `tp_sys_register_conf` ENABLE KEYS */;
UNLOCK TABLES;


# Dump of table tp_sys_slider
# ------------------------------------------------------------

DROP TABLE IF EXISTS `tp_sys_slider`;

CREATE TABLE `tp_sys_slider` (
  `id` int(11) unsigned NOT NULL AUTO_INCREMENT,
  `pic` varchar(255) NOT NULL COMMENT '轮播图片',
  `title` varchar(255) DEFAULT NULL COMMENT '标题',
  `url` varchar(255) DEFAULT NULL COMMENT '链接',
  `order_index` tinyint(1) DEFAULT '0',
  PRIMARY KEY (`id`)
) ENGINE=MyISAM DEFAULT CHARSET=utf8 ROW_FORMAT=DYNAMIC COMMENT='系统轮播表';

LOCK TABLES `tp_sys_slider` WRITE;
/*!40000 ALTER TABLE `tp_sys_slider` DISABLE KEYS */;

INSERT INTO `tp_sys_slider` (`id`, `pic`, `title`, `url`, `order_index`)
VALUES
	(1,'/uploads/slider/20180727/22f8e946e19efe87a4c17946294832a8.jpeg','佩服三连','http://www.baidu.com/',0),
	(2,'/uploads/slider/20180727/66a1bcc0f57bf78b67be30aaa9e6d709.jpeg','乙方三连','http://www.baidu.com/',1),
	(3,'/uploads/slider/20180727/70b79e44231b6e6b4c683bb39011a87f.jpeg','淡定三连','http://www.baidu.com/',2);

/*!40000 ALTER TABLE `tp_sys_slider` ENABLE KEYS */;
UNLOCK TABLES;


# Dump of table tp_sys_sms
# ------------------------------------------------------------

DROP TABLE IF EXISTS `tp_sys_sms`;

CREATE TABLE `tp_sys_sms` (
  `id` int(11) unsigned NOT NULL AUTO_INCREMENT,
  `is_allow` tinyint(1) NOT NULL DEFAULT '0' COMMENT '是否启用',
  `type` tinyint(1) unsigned NOT NULL DEFAULT '1' COMMENT '运营商类型：1=互亿无线',
  `api_url` varchar(255) NOT NULL COMMENT 'api地址',
  `api_id` varchar(50) NOT NULL COMMENT 'api账号',
  `api_key` varchar(50) NOT NULL COMMENT 'apikey',
  PRIMARY KEY (`id`)
) ENGINE=MyISAM DEFAULT CHARSET=utf8 ROW_FORMAT=DYNAMIC COMMENT='短信接口配置表';

LOCK TABLES `tp_sys_sms` WRITE;
/*!40000 ALTER TABLE `tp_sys_sms` DISABLE KEYS */;

INSERT INTO `tp_sys_sms` (`id`, `is_allow`, `type`, `api_url`, `api_id`, `api_key`)
VALUES
	(1,1,1,'http://106.ihuyi.cn/webservice/sms.php?method=Submit','C88140086','12b1fa7ded46cce9e73a2860bb0380ed');

/*!40000 ALTER TABLE `tp_sys_sms` ENABLE KEYS */;
UNLOCK TABLES;


# Dump of table tp_sys_suggest
# ------------------------------------------------------------

DROP TABLE IF EXISTS `tp_sys_suggest`;

CREATE TABLE `tp_sys_suggest` (
  `id` int(11) unsigned NOT NULL AUTO_INCREMENT,
  `pid` int(11) NOT NULL DEFAULT '0',
  `user_id` int(11) unsigned NOT NULL COMMENT '用户id',
  `title` varchar(255) DEFAULT NULL COMMENT '标题',
  `content` varchar(2000) NOT NULL DEFAULT '' COMMENT '留言内容',
  `pic` varchar(255) DEFAULT NULL COMMENT '反馈照片',
  `back_content` varchar(2000) DEFAULT NULL COMMENT '回复内容',
  `update_time` datetime DEFAULT NULL COMMENT '更新时间',
  `create_time` datetime NOT NULL COMMENT ' 添加时间',
  PRIMARY KEY (`id`)
) ENGINE=InnoDB DEFAULT CHARSET=utf8 ROW_FORMAT=DYNAMIC COMMENT='用户意见';

LOCK TABLES `tp_sys_suggest` WRITE;
/*!40000 ALTER TABLE `tp_sys_suggest` DISABLE KEYS */;

INSERT INTO `tp_sys_suggest` (`id`, `pid`, `user_id`, `title`, `content`, `pic`, `back_content`, `update_time`, `create_time`)
VALUES
	(24,0,1,'123','123123',NULL,'&amp;lt;p&amp;gt;123123123&amp;lt;/p&amp;gt;','2018-08-28 10:31:47','2018-08-28 10:17:20');

/*!40000 ALTER TABLE `tp_sys_suggest` ENABLE KEYS */;
UNLOCK TABLES;


# Dump of table tp_system_oem
# ------------------------------------------------------------

DROP TABLE IF EXISTS `tp_system_oem`;

CREATE TABLE `tp_system_oem` (
  `id` int(11) NOT NULL,
  `sys_title` varchar(50) NOT NULL,
  `about` text COMMENT '关于我们',
  PRIMARY KEY (`id`)
) ENGINE=MyISAM DEFAULT CHARSET=utf8mb4 ROW_FORMAT=DYNAMIC;

LOCK TABLES `tp_system_oem` WRITE;
/*!40000 ALTER TABLE `tp_system_oem` DISABLE KEYS */;

INSERT INTO `tp_system_oem` (`id`, `sys_title`, `about`)
VALUES
	(1,'wallet2.0','1212312312312312');

/*!40000 ALTER TABLE `tp_system_oem` ENABLE KEYS */;
UNLOCK TABLES;


# Dump of table tp_trading_record
# ------------------------------------------------------------

DROP TABLE IF EXISTS `tp_trading_record`;

CREATE TABLE `tp_trading_record` (
  `id` int(11) unsigned NOT NULL AUTO_INCREMENT,
  `user_id` int(11) NOT NULL,
  `from_address` varchar(255) DEFAULT '' COMMENT '转出地址',
  `to_user_id` int(11) unsigned DEFAULT '0' COMMENT '目标用户id',
  `to_address` varchar(255) DEFAULT '' COMMENT '转入地址',
  `coin_id` tinyint(1) unsigned NOT NULL DEFAULT '0' COMMENT '币种类型',
  `change_type` tinyint(1) unsigned DEFAULT '0' COMMENT '0 = 减少 ；1 = 增加',
  `type` tinyint(2) unsigned NOT NULL DEFAULT '0' COMMENT '记录类型：0=转账，1=OTC交易，2=外网转入，3=提现转出，4=购买理财，5=购买矿机,6=后台拨币，7=私募可用，8=私募冻结释放,9、交易退回,10、购买F3d',
  `before_amount` decimal(18,8) unsigned NOT NULL COMMENT '变化前金额',
  `amount` decimal(18,8) unsigned NOT NULL COMMENT '金额',
  `after_amount` decimal(18,8) unsigned NOT NULL COMMENT '变化后金额',
  `remark` varchar(100) DEFAULT NULL COMMENT '备注',
  `update_time` datetime NOT NULL,
  `team_id` int(11) DEFAULT '0' COMMENT '队伍id',
  `game_id` int(11) DEFAULT '0' COMMENT '游戏id',
  PRIMARY KEY (`id`)
) ENGINE=InnoDB DEFAULT CHARSET=utf8 ROW_FORMAT=COMPACT COMMENT='用户交易记录表';

LOCK TABLES `tp_trading_record` WRITE;
/*!40000 ALTER TABLE `tp_trading_record` DISABLE KEYS */;

INSERT INTO `tp_trading_record` (`id`, `user_id`, `from_address`, `to_user_id`, `to_address`, `coin_id`, `change_type`, `type`, `before_amount`, `amount`, `after_amount`, `remark`, `update_time`, `team_id`, `game_id`)
VALUES
	(173,4,'',0,'0x6a37df2566cbf46b52bc2e690233fe95b4b2a021',1,1,6,9973714.40132780,1.00000000,9973715.40132780,'系统后台拨币','2018-08-24 17:52:48',1,1),
	(174,4,'',0,'0x6a37df2566cbf46b52bc2e690233fe95b4b2a021',1,1,6,9973715.40132780,5.00000000,9973720.40132780,'系统后台拨币','2018-08-24 17:53:38',1,1),
	(175,1,'',0,'',1,0,10,1200.78058000,7.22200000,1193.55858000,'购买key','2018-08-27 10:59:10',1,4),
	(176,1,'',0,'',1,0,10,1194.28078000,7.22300000,1187.05778000,'购买key','2018-08-27 11:19:42',1,4),
	(177,1,'',0,'',1,0,10,1187.78008000,7.22400000,1180.55608000,'购买key','2018-08-27 11:28:59',1,4),
	(178,1,'',0,'',1,0,10,1181.27848000,7.22500000,1174.05348000,'购买key','2018-08-27 11:29:55',1,4),
	(179,1,'',0,'',1,0,10,1174.05348000,362.52500000,811.52848000,'购买key','2018-08-27 11:30:10',1,4),
	(180,1,'',0,'',1,0,10,811.52848000,365.02500000,446.50348000,'购买key','2018-08-27 11:30:20',4,4),
	(181,1,'',0,'',1,0,11,487.47898000,1.30000000,486.17898000,'购买token','2018-08-27 11:55:42',0,0),
	(182,1,'',0,'',1,1,12,486.17898000,1.40000000,487.43898000,'token卖出','2018-08-27 11:59:36',0,0),
	(183,1,'',0,'',1,0,10,487.43898000,7.32600000,480.11298000,'购买key','2018-08-27 14:57:57',1,4),
	(184,1,'',0,'',1,0,10,480.84558000,7.32700000,473.51858000,'购买key','2018-08-27 15:22:59',1,4),
	(185,1,'0xae670682e150950d602f99a13bb6515eaae44e7f',6,'0xece2116f4121d0c9854d16d4b7cbe19098dc3b37',1,0,13,474.25128000,1.05000000,473.20128000,'内网转账','2018-08-27 15:26:24',0,0),
	(186,6,'0xae670682e150950d602f99a13bb6515eaae44e7f',1,'0xece2116f4121d0c9854d16d4b7cbe19098dc3b37',1,1,15,0.00000000,1.00000000,1.00000000,'内网转账','2018-08-27 15:26:24',0,0),
	(187,1,'',0,'',1,0,10,473.20128000,7.32800000,465.87328000,'购买key','2018-08-27 15:26:36',1,4),
	(188,1,'',0,'',1,0,11,466.60608000,1.30000000,465.30608000,'购买token','2018-08-27 15:28:41',0,0),
	(189,1,'',0,'',1,0,11,465.30608000,1.40000000,463.90608000,'购买token','2018-08-27 15:34:14',0,0),
	(190,1,'',1,'0xece2116f4121d0c9854d16d4b7cbe19098dc3b37',1,0,14,463.90608000,1.00000000,462.90608000,'转出可用余额','2018-08-27 15:34:54',0,0),
	(191,1,'0xece2116f4121d0c9854d16d4b7cbe19098dc3b37',6,'0xae670682e150950d602f99a13bb6515eaae44e7f',1,1,15,0.00000000,1.00000000,1.00000000,'内网转账','2018-08-27 15:26:24',0,0),
	(192,1,'',1,'0xece2116f4121d0c9854d16d4b7cbe19098dc3b37',1,0,14,462.90608000,11.00000000,451.90608000,'转出可用余额','2018-08-27 17:27:56',0,0),
	(193,1,'',1,'0xece2116f4121d0c9854d16d4b7cbe19098dc3b37',1,0,14,451.90608000,11.00000000,440.90608000,'转出可用余额','2018-08-27 17:29:33',0,0),
	(194,1,'',0,'',1,0,11,440.90608000,1.50000000,439.40608000,'购买token','2018-08-27 17:30:02',0,0),
	(195,1,'0xae670682e150950d602f99a13bb6515eaae44e7f',2,'0x41b22eE6EE178958C4dca7eEf2ddf377B99c31A9',1,0,13,426.80608000,11.55000000,415.25608000,'内网转账','2018-08-27 17:39:35',0,0),
	(196,2,'0xae670682e150950d602f99a13bb6515eaae44e7f',1,'0x41b22eE6EE178958C4dca7eEf2ddf377B99c31A9',1,1,15,1682.13800000,11.00000000,1693.13800000,'内网转账','2018-08-27 17:39:35',0,0),
	(197,1,'0xae670682e150950d602f99a13bb6515eaae44e7f',2,'0x41b22eE6EE178958C4dca7eEf2ddf377B99c31A9',1,0,13,415.25608000,11.55000000,403.70608000,'内网转账','2018-08-27 17:40:15',0,0),
	(198,2,'0xae670682e150950d602f99a13bb6515eaae44e7f',1,'0x41b22eE6EE178958C4dca7eEf2ddf377B99c31A9',1,1,15,1693.13800000,11.00000000,1704.13800000,'内网转账','2018-08-27 17:40:15',0,0),
	(201,58,'',0,'0xb7bba1202aa3958779f8b88f25fa11cf8c73bbf3',1,1,6,0.00000000,100.00000000,100.00000000,'系统后台拨币','2018-08-28 09:32:17',0,0),
	(202,58,'',0,'0xb7bba1202aa3958779f8b88f25fa11cf8c73bbf3',1,1,6,60.55500000,999.00000000,1059.55500000,'系统后台拨币','2018-08-28 10:00:03',0,0);

/*!40000 ALTER TABLE `tp_trading_record` ENABLE KEYS */;
UNLOCK TABLES;


# Dump of table tp_transaction_conf
# ------------------------------------------------------------

DROP TABLE IF EXISTS `tp_transaction_conf`;

CREATE TABLE `tp_transaction_conf` (
  `id` int(11) unsigned NOT NULL AUTO_INCREMENT,
  `min_amount` decimal(17,2) DEFAULT '0.00' COMMENT '最低交易值',
  `max_amount` decimal(17,2) DEFAULT '0.00' COMMENT '最大交易值',
  `rate` double(17,7) DEFAULT '0.0000000' COMMENT '交易手续费',
  `rate_type` enum('int','centum') DEFAULT 'int' COMMENT '手续费类型：int固定值，centum:百分比',
  `unit` int(10) DEFAULT '1' COMMENT '单位基础值',
  `start_time` decimal(4,2) DEFAULT '0.00' COMMENT '开启交易时间',
  `end_time` decimal(4,2) DEFAULT '23.59' COMMENT '关闭时间',
  `coin_id` int(11) DEFAULT '0' COMMENT '币种id',
  PRIMARY KEY (`id`)
) ENGINE=InnoDB DEFAULT CHARSET=utf8;

LOCK TABLES `tp_transaction_conf` WRITE;
/*!40000 ALTER TABLE `tp_transaction_conf` DISABLE KEYS */;

INSERT INTO `tp_transaction_conf` (`id`, `min_amount`, `max_amount`, `rate`, `rate_type`, `unit`, `start_time`, `end_time`, `coin_id`)
VALUES
	(1,11.00,20000.00,0.0500000,'centum',1,0.00,23.59,1);

/*!40000 ALTER TABLE `tp_transaction_conf` ENABLE KEYS */;
UNLOCK TABLES;


# Dump of table tp_user_account
# ------------------------------------------------------------

DROP TABLE IF EXISTS `tp_user_account`;

CREATE TABLE `tp_user_account` (
  `id` int(10) unsigned NOT NULL AUTO_INCREMENT,
  `role_id` smallint(6) unsigned DEFAULT '0' COMMENT '角色id',
  `username` varchar(50) NOT NULL COMMENT '账号',
  `password` varchar(32) DEFAULT NULL COMMENT '密码',
  `lxr` varchar(20) DEFAULT NULL COMMENT '联系人',
  `mobile` varchar(20) DEFAULT NULL COMMENT '手机号',
  `create_time` datetime DEFAULT NULL COMMENT '创建时间',
  `login_time` datetime DEFAULT NULL COMMENT '登录时间',
  `login_ip` varchar(30) DEFAULT NULL COMMENT '登录IP',
  `login_num` smallint(10) DEFAULT '0' COMMENT '登录次数',
  `logic_delete` tinyint(1) DEFAULT '0' COMMENT '逻辑删除(1=删除)',
  `delete_time` datetime DEFAULT NULL,
  `is_admin` tinyint(1) DEFAULT '0' COMMENT '是否超级管理员（0是子账户，1是超级管理员）',
  `enable_addons` varchar(2000) DEFAULT NULL COMMENT '可用插件',
  `update_time` datetime DEFAULT NULL COMMENT '更新时间',
  PRIMARY KEY (`id`)
) ENGINE=InnoDB DEFAULT CHARSET=utf8mb4 ROW_FORMAT=COMPACT COMMENT='后台用户表\n';

LOCK TABLES `tp_user_account` WRITE;
/*!40000 ALTER TABLE `tp_user_account` DISABLE KEYS */;

INSERT INTO `tp_user_account` (`id`, `role_id`, `username`, `password`, `lxr`, `mobile`, `create_time`, `login_time`, `login_ip`, `login_num`, `logic_delete`, `delete_time`, `is_admin`, `enable_addons`, `update_time`)
VALUES
	(1,0,'admin','11a9926f2696af0b56daf0636adec422','联系人','13067237053','2017-12-08 13:32:09',NULL,NULL,0,0,NULL,1,NULL,NULL),
	(3,1,'shop','11a9926f2696af0b56daf0636adec422','lxr','13011111111','2018-07-31 11:19:00',NULL,NULL,0,0,NULL,0,NULL,'2018-07-31 11:19:00');

/*!40000 ALTER TABLE `tp_user_account` ENABLE KEYS */;
UNLOCK TABLES;


# Dump of table tp_user_nav_menu
# ------------------------------------------------------------

DROP TABLE IF EXISTS `tp_user_nav_menu`;

CREATE TABLE `tp_user_nav_menu` (
  `id` int(10) unsigned NOT NULL AUTO_INCREMENT COMMENT '主键',
  `pid` int(10) DEFAULT '0' COMMENT '自关联PID',
  `addon` varchar(50) DEFAULT '' COMMENT '插件名称',
  `controller` varchar(50) DEFAULT '' COMMENT '控制器名称',
  `action` varchar(50) DEFAULT '' COMMENT '入口方法',
  `title` varchar(20) NOT NULL DEFAULT '' COMMENT '分类名',
  `order_index` smallint(4) NOT NULL DEFAULT '0' COMMENT '排序号',
  `allow` tinyint(1) DEFAULT '1' COMMENT '是否启用(1=启用)',
  `target` varchar(10) DEFAULT 'pjax' COMMENT '打开连接方式(pjax,open,dialog)',
  `dialog_width` int(11) DEFAULT NULL,
  `dialog_height` int(11) DEFAULT NULL,
  PRIMARY KEY (`id`)
) ENGINE=MyISAM DEFAULT CHARSET=utf8 ROW_FORMAT=DYNAMIC COMMENT='后台菜单表';

LOCK TABLES `tp_user_nav_menu` WRITE;
/*!40000 ALTER TABLE `tp_user_nav_menu` DISABLE KEYS */;

INSERT INTO `tp_user_nav_menu` (`id`, `pid`, `addon`, `controller`, `action`, `title`, `order_index`, `allow`, `target`, `dialog_width`, `dialog_height`)
VALUES
	(1,0,'','','','系统管理',0,1,'pjax',NULL,NULL),
	(2,0,'','','','会员管理',0,1,'pjax',NULL,NULL),
	(3,0,'','','','挖矿管理',0,1,'pjax',NULL,NULL),
	(4,0,'','','','商城管理',0,1,'pjax',NULL,NULL),
	(5,0,'','','','提现管理',0,1,'pjax',NULL,NULL),
	(6,0,'','','','理财管理',0,1,'pjax',NULL,NULL),
	(7,0,'','','','私募管理',0,1,'pjax',0,0),
	(8,1,'config','parameter','index','系统参数',0,1,'dialog',1000,400),
	(9,1,'config','notice','index','系统公告',0,1,'pjax',NULL,NULL),
	(10,1,'config','help','index','帮助中心',0,1,'pjax',NULL,NULL),
	(11,1,'config','slider','index','轮播设置',0,1,'pjax',NULL,NULL),
	(12,1,'config','coins','index','币种设置',0,1,'pjax',NULL,NULL),
	(13,1,'config','sms','index','短信设置',0,1,'pjax',NULL,NULL),
	(14,1,'config','register_conf','index','注册信息配置',0,1,'dialog',400,600),
	(15,2,'member','member','index','会员列表',0,1,'pjax',NULL,NULL),
	(16,2,'member','level_config','index','会员等级配置',0,1,'pjax',NULL,NULL),
	(17,2,'member','record','index','交易记录',0,1,'pjax',NULL,NULL),
	(18,3,'miner','miner_config','index','矿机设置',0,1,'pjax',NULL,NULL),
	(19,3,'miner','miner_pool','index','矿场设置',0,1,'dialog',600,400),
	(20,4,'goods','index','index','商品设置',0,1,'pjax',NULL,NULL),
	(21,4,'goods','order','index','订单列表',0,1,'pjax',NULL,NULL),
	(22,5,'eth','trade','index','提现审核',0,1,'pjax',NULL,NULL),
	(23,6,'financing','product','index','理财产品',0,1,'pjax',NULL,NULL),
	(24,6,'financing','market','index','火币行情配置',0,1,'pjax',NULL,NULL),
	(25,7,'equity','rule_config','index','私募规则配置',0,1,'pjax',NULL,NULL),
	(26,7,'equity','parameter','index','私募参数配置',0,1,'pjax',NULL,NULL),
	(27,2,'otc','order','index','OTC交易订单',0,1,'pjax',NULL,NULL),
	(28,1,'config','role','index','角色权限',0,1,'pjax',NULL,NULL),
	(114,1,'config','account','index','管理员设置',0,1,'pjax',NULL,NULL),
	(115,1,'config','exchange','index','汇率设置',0,1,'pjax',NULL,NULL),
	(116,0,'','','','FOMO管理',0,1,'pjax',NULL,NULL),
	(117,116,'fomo','game','index','游戏设置',0,1,'pjax',NULL,NULL),
	(118,116,'fomo','team','index','战队设置',0,1,'pjax',NULL,NULL),
	(119,116,'fomo','parameter','index','参数设置',0,1,'dialog',800,400),
	(120,116,'fomo','reward_record','index','分红明细',0,1,'pjax',NULL,NULL),
	(121,116,'fomo','key_record','index','购买记录',0,1,'pjax',NULL,NULL),
	(122,2,'member','suggest','index','会员反馈',0,1,'pjax',NULL,NULL);

/*!40000 ALTER TABLE `tp_user_nav_menu` ENABLE KEYS */;
UNLOCK TABLES;


# Dump of table tp_user_role
# ------------------------------------------------------------

DROP TABLE IF EXISTS `tp_user_role`;

CREATE TABLE `tp_user_role` (
  `id` int(11) unsigned NOT NULL AUTO_INCREMENT,
  `name` varchar(50) NOT NULL,
  `addon_ids` varchar(255) NOT NULL COMMENT '功能ids',
  `update_time` datetime NOT NULL,
  PRIMARY KEY (`id`)
) ENGINE=MyISAM DEFAULT CHARSET=utf8 ROW_FORMAT=DYNAMIC COMMENT='后台用户权限表';

LOCK TABLES `tp_user_role` WRITE;
/*!40000 ALTER TABLE `tp_user_role` DISABLE KEYS */;

INSERT INTO `tp_user_role` (`id`, `name`, `addon_ids`, `update_time`)
VALUES
	(1,'商城管理员','4,20,21','2018-07-30 17:09:19'),
	(2,'test','1,11,12','2018-07-31 10:19:12');

/*!40000 ALTER TABLE `tp_user_role` ENABLE KEYS */;
UNLOCK TABLES;


# Dump of table tp_vericode
# ------------------------------------------------------------

DROP TABLE IF EXISTS `tp_vericode`;

CREATE TABLE `tp_vericode` (
  `id` int(11) unsigned NOT NULL AUTO_INCREMENT,
  `phone` varchar(50) NOT NULL COMMENT '手机号',
  `code` varchar(10) NOT NULL COMMENT '验证码',
  `type` tinyint(1) DEFAULT '1' COMMENT '类型 1= 注册验证码 ， 2 = 找回密码 3 = 短信验证',
  `count` smallint(6) unsigned NOT NULL DEFAULT '0',
  `pass_time` datetime NOT NULL COMMENT '过期时间',
  PRIMARY KEY (`id`,`phone`)
) ENGINE=MyISAM DEFAULT CHARSET=utf8 ROW_FORMAT=DYNAMIC COMMENT='手机短信表';

LOCK TABLES `tp_vericode` WRITE;
/*!40000 ALTER TABLE `tp_vericode` DISABLE KEYS */;

INSERT INTO `tp_vericode` (`id`, `phone`, `code`, `type`, `count`, `pass_time`)
VALUES
	(1,'13067237053','079097',1,0,'2018-08-15 14:13:24'),
	(2,'15860950624','927185',1,0,'2018-08-17 13:37:53'),
	(3,'13790388157','372718',1,0,'2018-08-18 14:41:24'),
	(4,'18759166818','402286',1,0,'2018-08-19 21:26:03'),
	(5,'15280705009','066972',1,0,'2018-08-19 21:26:50'),
	(6,'18759188888','352574',1,0,'2018-08-19 21:44:53'),
	(7,'18759166818','1111',1,0,'2018-08-19 21:31:43'),
	(8,'15280705010','1111',1,0,'2018-08-19 21:32:40'),
	(9,'15280705008','1111',1,0,'2018-08-19 21:35:17'),
	(10,'15280705009','1111',1,0,'2018-08-19 22:00:17'),
	(11,'18759166818','1111',1,0,'2018-08-19 22:04:20'),
	(12,'15280705008','1111',3,0,'2018-08-19 22:12:00'),
	(13,'15280705008','1111',3,0,'1970-01-01 08:00:00'),
	(14,'15280705009','1111',3,0,'1970-01-01 08:00:00'),
	(15,'15280705009','1111',1,0,'2018-08-19 22:14:35'),
	(16,'15280705007','1111',1,0,'2018-08-19 22:15:16'),
	(17,'18759166818','1111',1,0,'2018-08-19 22:22:49'),
	(18,'18759188888','1111',1,0,'2018-08-19 22:23:35'),
	(19,'15280705007','1111',1,0,'2018-08-19 22:24:18'),
	(20,'15280705009','1111',3,0,'1970-01-01 08:00:00'),
	(21,'15280705009','1111',3,0,'2018-08-19 22:26:58'),
	(22,'','1111',1,0,'1970-01-01 08:00:00'),
	(23,'15280705009','1111',3,0,'2018-08-19 22:29:10'),
	(24,'15280705009','1111',3,0,'2018-08-19 22:33:11'),
	(25,'15280705009','1111',3,0,'2018-08-19 22:43:18'),
	(26,'15280705009','1111',3,0,'2018-08-19 22:45:12'),
	(27,'15280705009','1111',3,0,'2018-08-19 22:48:37'),
	(28,'15280705009','1111',3,0,'2018-08-19 22:50:29'),
	(29,'15280705006','1111',1,0,'2018-08-19 22:52:21'),
	(30,'15280705006','1111',3,0,'2018-08-19 22:55:17'),
	(31,'15280705009','1111',3,0,'2018-08-20 10:20:48'),
	(32,'15280705005','1111',1,0,'2018-08-20 10:21:28'),
	(33,'15860950624','1111',1,0,'2018-08-20 10:51:41'),
	(34,'18772118534','1111',3,0,'2018-08-20 11:29:14'),
	(35,'17878787886','1111',1,0,'2018-08-20 12:52:44'),
	(36,'18772118534','1111',1,0,'2018-08-20 13:47:22'),
	(37,'13801411272','1111',1,0,'2018-08-20 14:08:31'),
	(38,'13801411272','1111',1,0,'2018-08-20 14:09:45'),
	(39,'13801411272','1111',1,0,'2018-08-20 14:11:37'),
	(40,'13801411272','1111',1,0,'2018-08-20 14:19:45'),
	(41,'18771684404','1111',1,0,'2018-08-20 15:57:33'),
	(42,'18120569383','1111',1,0,'2018-08-20 16:01:40'),
	(43,'18120569383','1111',1,0,'2018-08-20 16:02:59'),
	(44,'15860950624','1111',3,0,'2018-08-20 16:40:10'),
	(45,'17878787886','1111',1,0,'2018-08-20 17:05:50'),
	(46,'18649738701','348243',1,0,'2018-08-20 18:13:54'),
	(47,'18649738701','733750',1,0,'2018-08-20 18:25:16'),
	(48,'18649738701','433227',1,0,'2018-08-20 18:27:58'),
	(49,'15860950624','886297',1,0,'2018-08-20 18:35:52'),
	(50,'17878787886','927316',1,0,'2018-08-20 18:37:05'),
	(51,'13801411272','850928',1,0,'2018-08-20 18:40:31'),
	(52,'13918810885','234364',1,0,'2018-08-20 18:40:51'),
	(53,'13801411272','667650',3,0,'2018-08-20 18:42:19'),
	(54,'13801411272','258592',3,0,'2018-08-20 18:48:01'),
	(55,'18120569383','345408',1,0,'2018-08-20 19:04:54'),
	(56,'13801411272','577886',3,0,'2018-08-20 19:06:02'),
	(57,'18120569383','895040',1,0,'2018-08-20 19:08:49'),
	(58,'13303937116','782777',1,0,'2018-08-20 19:11:28'),
	(59,'15999660881','442791',1,0,'2018-08-20 19:40:11'),
	(60,'18771684404','560176',1,0,'2018-08-20 19:43:28'),
	(61,'18772118534','301635',1,0,'2018-08-20 22:42:57'),
	(62,'18772118534','566981',1,0,'2018-08-20 22:44:07'),
	(63,'18772118534','753314',3,0,'2018-08-20 22:45:47'),
	(64,'18114930574','208622',1,0,'2018-08-20 22:56:38'),
	(65,'18114930574','330280',1,0,'2018-08-20 22:57:57'),
	(66,'13657291002','077394',1,0,'2018-08-21 11:06:29'),
	(67,'13545950944','327525',1,0,'2018-08-21 11:08:01'),
	(68,'13657291002','443990',1,0,'2018-08-21 11:40:23'),
	(69,'13538478185','280858',1,0,'2018-08-21 11:42:54'),
	(70,'13538478185','860093',1,0,'2018-08-21 11:43:58'),
	(71,'15954688057','543408',3,0,'2018-08-21 12:02:09'),
	(72,'15954688057','914439',1,0,'2018-08-21 12:03:43'),
	(73,'15954688057','125044',1,0,'2018-08-21 12:06:31'),
	(74,'15954688057','044421',1,0,'2018-08-21 12:07:38'),
	(75,'15954688057','729108',1,0,'2018-08-21 12:11:33'),
	(76,'18065162448','715286',1,0,'2018-08-21 14:53:50'),
	(77,'18232813132','345718',1,0,'2018-08-21 16:21:06'),
	(78,'13707228566','409702',1,0,'2018-08-21 16:28:34'),
	(79,'13538478185','290316',1,0,'2018-08-21 17:10:16'),
	(80,'13657291002','199504',1,0,'2018-08-21 17:11:40'),
	(81,'13545950944','630702',1,0,'2018-08-21 17:12:01'),
	(82,'18271922264','520061',1,0,'2018-08-21 17:12:08'),
	(83,'15071235717','202565',1,0,'2018-08-21 17:13:23'),
	(84,'15871537043','931386',1,0,'2018-08-21 17:13:42'),
	(85,'13476800682','302017',1,0,'2018-08-21 17:13:50'),
	(86,'13337418899','222686',1,0,'2018-08-21 17:14:12'),
	(87,'15221555998','101222',1,0,'2018-08-21 17:14:36'),
	(88,'13538478185','651267',1,0,'2018-08-21 17:16:38'),
	(89,'13971189447','958541',1,0,'2018-08-21 17:17:29'),
	(90,'15926296008','812275',1,0,'2018-08-21 17:23:09'),
	(91,'15926296008','835162',1,0,'2018-08-21 17:24:29'),
	(92,'18602713519','433850',1,0,'2018-08-21 17:37:39'),
	(93,'18571731123','870221',1,0,'2018-08-21 17:49:21'),
	(94,'17786125541','996676',1,0,'2018-08-21 17:55:17'),
	(95,'18571731123','198712',3,0,'2018-08-21 18:00:11'),
	(96,'13593901113','276066',3,0,'2018-08-21 19:14:22'),
	(97,'13790388157','940483',1,0,'2018-08-21 19:48:21'),
	(98,'18659786555','533487',1,0,'2018-08-21 20:30:40'),
	(99,'17717095986','170526',1,0,'2018-08-22 06:55:37'),
	(100,'15880038084','404404',1,0,'2018-08-22 11:46:38'),
	(101,'13707162722','089589',1,0,'2018-08-22 17:11:03'),
	(102,'13707162722','027428',1,0,'2018-08-22 17:12:30'),
	(103,'15307180111','600575',1,0,'2018-08-23 00:14:46'),
	(104,'15280705005','272726',3,0,'2018-08-23 10:16:32'),
	(105,'15280705009','116820',3,0,'2018-08-23 10:17:29'),
	(106,'15280705009','737454',3,0,'2018-08-23 10:18:45'),
	(107,'15280705009','523535',3,0,'2018-08-23 10:20:20'),
	(108,'15280705009','202855',1,0,'2018-08-23 10:42:58'),
	(109,'15280705009','476794',1,0,'2018-08-23 10:44:23'),
	(110,'18600638082','821218',1,0,'2018-08-23 12:45:25'),
	(111,'15972936813','631310',1,0,'2018-08-23 13:05:11'),
	(112,'15827195493','250202',1,0,'2018-08-23 13:35:17'),
	(113,'13100621277','695059',1,0,'2018-08-23 14:00:56'),
	(114,'18600638082','883014',1,0,'2018-08-23 15:28:08'),
	(115,'13510293665','366761',1,0,'2018-08-23 16:23:00'),
	(116,'13774579996','869748',1,0,'2018-08-23 19:15:18'),
	(117,'13342589380','139629',1,0,'2018-08-24 10:54:38'),
	(118,'15860950624','620433',1,0,'2018-08-24 13:20:42'),
	(119,'18872488497','945421',1,0,'2018-08-24 21:09:17'),
	(120,'13912167561','271832',3,0,'2018-08-26 13:12:50'),
	(121,'13912167561','341113',1,0,'2018-08-26 13:13:26'),
	(122,'17786125541','105324',3,0,'2018-08-26 13:46:48'),
	(123,'18232813132','555264',1,0,'2018-08-27 00:14:26'),
	(124,'18232813132','777276',3,0,'2018-08-27 00:18:39'),
	(125,'18232813132','026111',1,0,'2018-08-27 00:20:42'),
	(126,'18060595202','240425',1,0,'2018-08-27 10:05:20'),
	(127,'17607175203','472983',1,0,'2018-08-27 10:26:58'),
	(128,'13456103867','640544',1,0,'2018-08-27 12:17:47'),
	(129,'13476722123','823258',1,0,'2018-08-27 14:30:36'),
	(130,'18898495736','793470',3,0,'2018-08-27 16:45:52'),
	(131,'18898495736','260624',1,0,'2018-08-27 16:46:52'),
	(132,'13107670001','249461',1,0,'2018-08-27 17:46:19'),
	(133,'18872488497','916144',1,0,'2018-08-27 21:02:10'),
	(134,'15280705009','511095',5,0,'2018-08-28 11:01:13'),
	(135,'15280705009','447736',5,0,'2018-08-28 11:02:54'),
	(136,'15280705009','167412',5,0,'2018-08-28 11:06:43'),
	(137,'15280705009','738563',7,0,'2018-08-28 11:08:55'),
	(138,'15280705009','245545',5,0,'2018-08-28 11:10:45');

/*!40000 ALTER TABLE `tp_vericode` ENABLE KEYS */;
UNLOCK TABLES;



--
-- Dumping routines (PROCEDURE) for database 'fomo3d'
--
DELIMITER ;;

# Dump of PROCEDURE sp_update_fomo_days()
# ------------------------------------------------------------

/*!50003 DROP PROCEDURE IF EXISTS `sp_update_fomo_days()` */;;
/*!50003 SET SESSION SQL_MODE="NO_AUTO_CREATE_USER,NO_ENGINE_SUBSTITUTION"*/;;
/*!50003 CREATE*/ /*!50020 DEFINER=`fomo3d`@`%`*/ /*!50003 PROCEDURE `sp_update_fomo_days()`()
    COMMENT '更新fomo3d P3d历时天数'
begin

update tp_fomo_conf set parameter_val=parameter_val+1 where field='total_days';

end */;;

/*!50003 SET SESSION SQL_MODE=@OLD_SQL_MODE */;;
DELIMITER ;

/*!40111 SET SQL_NOTES=@OLD_SQL_NOTES */;
/*!40101 SET SQL_MODE=@OLD_SQL_MODE */;
/*!40014 SET FOREIGN_KEY_CHECKS=@OLD_FOREIGN_KEY_CHECKS */;
/*!40101 SET CHARACTER_SET_CLIENT=@OLD_CHARACTER_SET_CLIENT */;
/*!40101 SET CHARACTER_SET_RESULTS=@OLD_CHARACTER_SET_RESULTS */;
/*!40101 SET COLLATION_CONNECTION=@OLD_COLLATION_CONNECTION */;
